Round,Client,GasUsed
1,Hospital_3,121138
1,Hospital_4,138238
1,Hospital_3,121138
1,Hospital_1,121126
1,Hospital_4,121126
2,Hospital_1,121126
2,Hospital_4,138238
2,Hospital_4,121138
2,Hospital_3,121138
2,Hospital_3,121138
3,Hospital_3,121138
3,Hospital_3,121138
3,Hospital_4,121126
3,Hospital_1,121138
3,Hospital_4,138238
4,Hospital_3,121126
4,Hospital_4,138238
4,Hospital_3,121138
4,Hospital_1,121138
4,Hospital_4,121138
5,Hospital_3,121138
5,Hospital_1,121126
5,Hospital_4,138226
5,Hospital_3,121138
5,Hospital_4,121138
6,Hospital_3,121138
6,Hospital_4,121138
6,Hospital_1,121138
6,Hospital_3,138238
6,Hospital_4,121126
7,Hospital_4,121138
7,Hospital_1,121138
7,Hospital_3,121138
7,Hospital_3,121126
7,Hospital_4,138238
8,Hospital_4,138238
8,Hospital_1,121138
8,Hospital_4,121138
8,Hospital_3,121138
8,Hospital_3,121138
9,Hospital_4,121138
9,Hospital_3,121138
9,Hospital_4,138238
9,Hospital_3,121138
9,Hospital_1,121138
10,Hospital_1,121138
10,Hospital_3,121138
10,Hospital_4,121138
10,Hospital_4,138238
10,Hospital_3,121138
11,Hospital_3,121138
11,Hospital_1,121138
11,Hospital_4,121138
11,Hospital_3,121138
11,Hospital_4,138238
12,Hospital_4,121138
12,Hospital_1,121138
12,Hospital_3,121138
12,Hospital_3,121126
12,Hospital_4,138238
13,Hospital_3,121138
13,Hospital_1,121126
13,Hospital_4,138238
13,Hospital_3,121126
13,Hospital_4,121138
14,Hospital_3,121138
14,Hospital_4,121138
14,Hospital_1,138238
14,Hospital_4,121138
14,Hospital_3,121138
15,Hospital_4,138238
15,Hospital_4,121138
15,Hospital_1,121138
15,Hospital_3,121138
15,Hospital_3,121138
16,Hospital_3,121138
16,Hospital_3,121138
16,Hospital_4,138238
16,Hospital_1,121138
16,Hospital_4,121138
17,Hospital_3,121138
17,Hospital_4,138238
17,Hospital_4,121138
17,Hospital_3,121126
17,Hospital_1,121138
18,Hospital_1,121138
18,Hospital_4,121126
18,Hospital_3,121138
18,Hospital_3,121138
18,Hospital_4,138238
19,Hospital_3,121138
19,Hospital_1,121138
19,Hospital_3,121138
19,Hospital_4,121126
19,Hospital_4,138238
20,Hospital_3,121138
20,Hospital_4,138238
20,Hospital_3,121138
20,Hospital_1,121138
20,Hospital_4,121138
21,Hospital_4,138226
21,Hospital_3,121126
21,Hospital_4,121138
21,Hospital_3,121138
21,Hospital_1,121138
22,Hospital_3,121138
22,Hospital_3,121138
22,Hospital_4,121138
22,Hospital_4,138238
22,Hospital_1,121138
23,Hospital_3,121138
23,Hospital_1,121138
23,Hospital_3,121138
23,Hospital_4,138238
23,Hospital_4,121138
24,Hospital_3,121138
24,Hospital_1,138238
24,Hospital_4,121138
24,Hospital_4,121138
24,Hospital_3,121138
25,Hospital_4,121138
25,Hospital_3,121138
25,Hospital_4,138226
25,Hospital_1,121126
25,Hospital_3,121138
26,Hospital_3,121138
26,Hospital_3,121126
26,Hospital_1,121138
26,Hospital_4,121138
26,Hospital_4,138238
27,Hospital_4,121138
27,Hospital_3,138238
27,Hospital_1,121138
27,Hospital_4,121138
27,Hospital_3,121126
28,Hospital_4,121138
28,Hospital_3,121138
28,Hospital_3,121138
28,Hospital_1,121138
28,Hospital_4,138238
29,Hospital_4,138238
29,Hospital_3,121138
29,Hospital_1,121138
29,Hospital_3,121138
29,Hospital_4,121138
30,Hospital_3,121138
30,Hospital_4,121138
30,Hospital_1,121138
30,Hospital_3,121138
30,Hospital_4,138238
31,Hospital_1,121138
31,Hospital_4,138238
31,Hospital_4,121138
31,Hospital_3,121138
31,Hospital_3,121138
32,Hospital_4,121138
32,Hospital_4,138238
32,Hospital_3,121126
32,Hospital_1,121138
32,Hospital_3,121138
33,Hospital_3,121138
33,Hospital_4,121138
33,Hospital_1,121138
33,Hospital_4,138238
33,Hospital_3,121138
34,Hospital_4,138238
34,Hospital_4,121138
34,Hospital_1,121138
34,Hospital_3,121138
34,Hospital_3,121138
35,Hospital_3,121138
35,Hospital_4,138238
35,Hospital_3,121138
35,Hospital_4,121138
35,Hospital_1,121138
36,Hospital_3,121138
36,Hospital_3,121138
36,Hospital_4,121126
36,Hospital_1,121138
36,Hospital_4,138238
37,Hospital_3,121138
37,Hospital_4,138238
37,Hospital_3,121138
37,Hospital_4,121138
37,Hospital_1,121138
38,Hospital_4,121138
38,Hospital_3,121138
38,Hospital_1,121126
38,Hospital_4,138238
38,Hospital_3,121138
39,Hospital_3,138226
39,Hospital_3,121138
39,Hospital_4,121138
39,Hospital_1,121138
39,Hospital_4,121138
40,Hospital_3,121138
40,Hospital_1,121138
40,Hospital_4,138238
40,Hospital_4,121138
40,Hospital_3,121138
41,Hospital_1,121126
41,Hospital_3,121138
41,Hospital_3,138238
41,Hospital_4,121138
41,Hospital_4,121138
42,Hospital_3,121126
42,Hospital_3,121138
42,Hospital_1,121138
42,Hospital_4,121138
42,Hospital_4,138238
43,Hospital_3,121126
43,Hospital_4,138238
43,Hospital_4,121126
43,Hospital_1,121138
43,Hospital_3,121126
44,Hospital_3,121126
44,Hospital_4,121138
44,Hospital_3,121138
44,Hospital_4,121138
44,Hospital_1,138238
45,Hospital_3,121138
45,Hospital_1,121138
45,Hospital_4,138238
45,Hospital_3,121138
45,Hospital_4,121138
46,Hospital_3,121114
46,Hospital_4,138238
46,Hospital_1,121138
46,Hospital_3,121138
46,Hospital_4,121138
47,Hospital_4,138238
47,Hospital_3,121138
47,Hospital_1,121138
47,Hospital_4,121138
47,Hospital_3,121138
48,Hospital_4,121138
48,Hospital_4,138238
48,Hospital_3,121138
48,Hospital_1,121126
48,Hospital_3,121138
49,Hospital_4,121138
49,Hospital_3,121138
49,Hospital_1,121138
49,Hospital_4,121138
49,Hospital_3,138238
50,Hospital_4,121138
50,Hospital_3,121138
50,Hospital_1,121138
50,Hospital_4,138238
50,Hospital_3,121138
