timestamp_utc,Round,Client,GasUsed
2026-02-28T21:44:49Z,1,Hospital_2,121138
2026-02-28T21:44:49Z,1,Hospital_3,138238
2026-02-28T21:45:21Z,2,Hospital_2,121126
2026-02-28T21:45:21Z,2,Hospital_3,121126
2026-02-28T21:45:21Z,2,Hospital_1,138238
2026-02-28T21:45:21Z,2,Hospital_4,121138
2026-02-28T21:45:21Z,2,Hospital_5,121138
2026-02-28T21:45:55Z,3,Hospital_2,121138
2026-02-28T21:45:55Z,3,Hospital_1,138238
2026-02-28T21:45:55Z,3,Hospital_3,121138
2026-02-28T21:45:55Z,3,Hospital_4,121138
2026-02-28T21:45:55Z,3,Hospital_5,121138
2026-02-28T21:46:40Z,4,Hospital_3,121138
2026-02-28T21:46:40Z,4,Hospital_5,121138
2026-02-28T21:46:40Z,4,Hospital_4,121138
2026-02-28T21:46:40Z,4,Hospital_1,121138
2026-02-28T21:46:40Z,4,Hospital_2,138238
2026-02-28T21:47:15Z,5,Hospital_2,138238
2026-02-28T21:47:15Z,5,Hospital_1,121138
2026-02-28T21:47:15Z,5,Hospital_3,121138
2026-02-28T21:47:15Z,5,Hospital_5,121138
2026-02-28T21:47:15Z,5,Hospital_4,121138
2026-02-28T21:47:50Z,6,Hospital_4,121138
2026-02-28T21:47:50Z,6,Hospital_3,121138
2026-02-28T21:47:50Z,6,Hospital_5,121138
2026-02-28T21:47:50Z,6,Hospital_1,138238
2026-02-28T21:47:50Z,6,Hospital_2,121138
2026-02-28T21:48:24Z,7,Hospital_4,121126
2026-02-28T21:48:24Z,7,Hospital_5,121138
2026-02-28T21:48:24Z,7,Hospital_1,138238
2026-02-28T21:48:24Z,7,Hospital_2,121138
2026-02-28T21:48:24Z,7,Hospital_3,121138
2026-02-28T21:48:58Z,8,Hospital_5,121138
2026-02-28T21:48:58Z,8,Hospital_1,138238
2026-02-28T21:48:58Z,8,Hospital_4,121138
2026-02-28T21:48:58Z,8,Hospital_3,121138
2026-02-28T21:48:58Z,8,Hospital_2,121138
2026-02-28T21:49:32Z,9,Hospital_2,121138
2026-02-28T21:49:32Z,9,Hospital_4,121138
2026-02-28T21:49:32Z,9,Hospital_3,121138
2026-02-28T21:49:32Z,9,Hospital_1,138238
2026-02-28T21:49:32Z,9,Hospital_5,121138
2026-02-28T21:50:06Z,10,Hospital_5,138238
2026-02-28T21:50:06Z,10,Hospital_2,121138
2026-02-28T21:50:06Z,10,Hospital_4,121138
2026-02-28T21:50:06Z,10,Hospital_3,121138
2026-02-28T21:50:06Z,10,Hospital_1,121138
2026-02-28T21:50:40Z,11,Hospital_5,121138
2026-02-28T21:50:40Z,11,Hospital_3,121138
2026-02-28T21:50:40Z,11,Hospital_1,121126
2026-02-28T21:50:40Z,11,Hospital_4,121126
2026-02-28T21:50:40Z,11,Hospital_2,138238
2026-02-28T21:51:14Z,12,Hospital_3,121138
2026-02-28T21:51:14Z,12,Hospital_1,138238
2026-02-28T21:51:14Z,12,Hospital_2,121138
2026-02-28T21:51:14Z,12,Hospital_5,121138
2026-02-28T21:51:14Z,12,Hospital_4,121138
2026-02-28T21:51:50Z,13,Hospital_3,121138
2026-02-28T21:51:50Z,13,Hospital_4,121138
2026-02-28T21:51:50Z,13,Hospital_5,121126
2026-02-28T21:51:50Z,13,Hospital_1,138238
2026-02-28T21:51:50Z,13,Hospital_2,121138
2026-02-28T21:52:23Z,14,Hospital_5,121138
2026-02-28T21:52:23Z,14,Hospital_4,121126
2026-02-28T21:52:23Z,14,Hospital_2,121138
2026-02-28T21:52:23Z,14,Hospital_3,121138
2026-02-28T21:52:23Z,14,Hospital_1,138238
2026-02-28T21:52:55Z,15,Hospital_4,121138
2026-02-28T21:52:55Z,15,Hospital_5,121138
2026-02-28T21:52:55Z,15,Hospital_1,138238
2026-02-28T21:52:55Z,15,Hospital_2,121138
2026-02-28T21:52:55Z,15,Hospital_3,121138
2026-02-28T21:53:27Z,16,Hospital_2,138238
2026-02-28T21:53:27Z,16,Hospital_4,121138
2026-02-28T21:53:27Z,16,Hospital_3,121138
2026-02-28T21:53:27Z,16,Hospital_5,121138
2026-02-28T21:53:27Z,16,Hospital_1,121138
2026-02-28T21:53:59Z,17,Hospital_3,121138
2026-02-28T21:53:59Z,17,Hospital_5,121138
2026-02-28T21:53:59Z,17,Hospital_2,121138
2026-02-28T21:53:59Z,17,Hospital_4,121138
2026-02-28T21:53:59Z,17,Hospital_1,138238
2026-02-28T21:54:31Z,18,Hospital_1,138238
2026-02-28T21:54:31Z,18,Hospital_3,121138
2026-02-28T21:54:31Z,18,Hospital_4,121138
2026-02-28T21:54:31Z,18,Hospital_2,121138
2026-02-28T21:54:31Z,18,Hospital_5,121138
2026-02-28T21:55:03Z,19,Hospital_5,121138
2026-02-28T21:55:03Z,19,Hospital_2,121138
2026-02-28T21:55:03Z,19,Hospital_4,121138
2026-02-28T21:55:03Z,19,Hospital_3,121138
2026-02-28T21:55:03Z,19,Hospital_1,138238
2026-02-28T21:55:35Z,20,Hospital_5,121114
2026-02-28T21:55:35Z,20,Hospital_4,121138
2026-02-28T21:55:35Z,20,Hospital_1,121138
2026-02-28T21:55:35Z,20,Hospital_3,121138
2026-02-28T21:55:35Z,20,Hospital_2,138238
2026-02-28T21:56:07Z,21,Hospital_4,121138
2026-02-28T21:56:07Z,21,Hospital_3,121138
2026-02-28T21:56:07Z,21,Hospital_1,121126
2026-02-28T21:56:07Z,21,Hospital_5,121138
2026-02-28T21:56:07Z,21,Hospital_2,138238
2026-02-28T21:56:41Z,22,Hospital_5,121138
2026-02-28T21:56:41Z,22,Hospital_3,121138
2026-02-28T21:56:41Z,22,Hospital_4,121138
2026-02-28T21:56:41Z,22,Hospital_2,121138
2026-02-28T21:56:41Z,22,Hospital_1,138238
2026-02-28T21:57:14Z,23,Hospital_2,121138
2026-02-28T21:57:14Z,23,Hospital_4,121138
2026-02-28T21:57:14Z,23,Hospital_1,138238
2026-02-28T21:57:14Z,23,Hospital_5,121138
2026-02-28T21:57:14Z,23,Hospital_3,121138
2026-02-28T21:57:47Z,24,Hospital_2,121138
2026-02-28T21:57:47Z,24,Hospital_4,121126
2026-02-28T21:57:47Z,24,Hospital_3,121126
2026-02-28T21:57:47Z,24,Hospital_5,121138
2026-02-28T21:57:47Z,24,Hospital_1,138238
2026-02-28T21:58:20Z,25,Hospital_1,138238
2026-02-28T21:58:20Z,25,Hospital_5,121138
2026-02-28T21:58:20Z,25,Hospital_2,121138
2026-02-28T21:58:20Z,25,Hospital_4,121138
2026-02-28T21:58:20Z,25,Hospital_3,121138
2026-02-28T21:58:52Z,26,Hospital_1,138238
2026-02-28T21:58:52Z,26,Hospital_5,121126
2026-02-28T21:58:52Z,26,Hospital_3,121138
2026-02-28T21:58:52Z,26,Hospital_4,121138
2026-02-28T21:58:52Z,26,Hospital_2,121138
2026-02-28T21:59:24Z,27,Hospital_3,121138
2026-02-28T21:59:24Z,27,Hospital_2,138238
2026-02-28T21:59:24Z,27,Hospital_1,121138
2026-02-28T21:59:24Z,27,Hospital_4,121138
2026-02-28T21:59:24Z,27,Hospital_5,121126
2026-02-28T21:59:56Z,28,Hospital_5,121138
2026-02-28T21:59:56Z,28,Hospital_3,121138
2026-02-28T21:59:56Z,28,Hospital_1,138238
2026-02-28T21:59:56Z,28,Hospital_4,121138
2026-02-28T21:59:56Z,28,Hospital_2,121138
2026-02-28T22:00:28Z,29,Hospital_3,121126
2026-02-28T22:00:28Z,29,Hospital_5,121138
2026-02-28T22:00:28Z,29,Hospital_4,121138
2026-02-28T22:00:28Z,29,Hospital_2,121126
2026-02-28T22:00:28Z,29,Hospital_1,138238
2026-02-28T22:01:00Z,30,Hospital_2,138238
2026-02-28T22:01:00Z,30,Hospital_1,121138
2026-02-28T22:01:00Z,30,Hospital_4,121138
2026-02-28T22:01:00Z,30,Hospital_5,121138
2026-02-28T22:01:00Z,30,Hospital_3,121138
2026-02-28T22:01:30Z,1,Hospital_3,138250
2026-02-28T22:01:30Z,1,Hospital_2,121150
2026-02-28T22:02:03Z,2,Hospital_5,121138
2026-02-28T22:02:03Z,2,Hospital_3,121150
2026-02-28T22:02:03Z,2,Hospital_1,138238
2026-02-28T22:02:03Z,2,Hospital_2,121150
2026-02-28T22:02:03Z,2,Hospital_4,121150
2026-02-28T22:02:36Z,3,Hospital_2,138250
2026-02-28T22:02:36Z,3,Hospital_4,121150
2026-02-28T22:02:36Z,3,Hospital_3,121150
2026-02-28T22:02:36Z,3,Hospital_1,121150
2026-02-28T22:02:36Z,3,Hospital_5,121150
2026-02-28T22:03:10Z,4,Hospital_1,138250
2026-02-28T22:03:10Z,4,Hospital_5,121150
2026-02-28T22:03:10Z,4,Hospital_2,121150
2026-02-28T22:03:10Z,4,Hospital_3,121150
2026-02-28T22:03:10Z,4,Hospital_4,121150
2026-02-28T22:03:43Z,5,Hospital_5,121150
2026-02-28T22:03:43Z,5,Hospital_3,121138
2026-02-28T22:03:43Z,5,Hospital_4,121150
2026-02-28T22:03:43Z,5,Hospital_1,121150
2026-02-28T22:03:43Z,5,Hospital_2,138250
2026-02-28T22:04:18Z,6,Hospital_3,121150
2026-02-28T22:04:18Z,6,Hospital_1,121150
2026-02-28T22:04:18Z,6,Hospital_2,138238
2026-02-28T22:04:18Z,6,Hospital_4,121150
2026-02-28T22:04:18Z,6,Hospital_5,121150
2026-02-28T22:04:51Z,7,Hospital_5,121150
2026-02-28T22:04:51Z,7,Hospital_1,138250
2026-02-28T22:04:51Z,7,Hospital_2,121150
2026-02-28T22:04:51Z,7,Hospital_4,121150
2026-02-28T22:04:51Z,7,Hospital_3,121150
2026-02-28T22:05:23Z,8,Hospital_1,121150
2026-02-28T22:05:23Z,8,Hospital_3,121150
2026-02-28T22:05:23Z,8,Hospital_4,121150
2026-02-28T22:05:23Z,8,Hospital_2,138250
2026-02-28T22:05:23Z,8,Hospital_5,121150
2026-02-28T22:05:56Z,9,Hospital_1,121150
2026-02-28T22:05:56Z,9,Hospital_4,121150
2026-02-28T22:05:56Z,9,Hospital_5,121150
2026-02-28T22:05:56Z,9,Hospital_3,121150
2026-02-28T22:05:56Z,9,Hospital_2,138238
2026-02-28T22:06:28Z,10,Hospital_3,121150
2026-02-28T22:06:28Z,10,Hospital_4,121150
2026-02-28T22:06:28Z,10,Hospital_5,121138
2026-02-28T22:06:28Z,10,Hospital_1,121150
2026-02-28T22:06:28Z,10,Hospital_2,138250
2026-02-28T22:07:00Z,11,Hospital_4,121150
2026-02-28T22:07:00Z,11,Hospital_5,121150
2026-02-28T22:07:00Z,11,Hospital_3,121150
2026-02-28T22:07:00Z,11,Hospital_1,138238
2026-02-28T22:07:00Z,11,Hospital_2,121150
2026-02-28T22:07:34Z,12,Hospital_1,121138
2026-02-28T22:07:34Z,12,Hospital_5,121150
2026-02-28T22:07:34Z,12,Hospital_3,121150
2026-02-28T22:07:34Z,12,Hospital_4,121150
2026-02-28T22:07:34Z,12,Hospital_2,138238
2026-02-28T22:08:06Z,13,Hospital_3,121150
2026-02-28T22:08:06Z,13,Hospital_2,138250
2026-02-28T22:08:06Z,13,Hospital_5,121150
2026-02-28T22:08:06Z,13,Hospital_1,121150
2026-02-28T22:08:06Z,13,Hospital_4,121138
2026-02-28T22:08:40Z,14,Hospital_2,138250
2026-02-28T22:08:40Z,14,Hospital_4,121150
2026-02-28T22:08:40Z,14,Hospital_1,121150
2026-02-28T22:08:40Z,14,Hospital_3,121150
2026-02-28T22:08:40Z,14,Hospital_5,121150
2026-02-28T22:09:12Z,15,Hospital_3,121150
2026-02-28T22:09:12Z,15,Hospital_2,121150
2026-02-28T22:09:12Z,15,Hospital_5,121150
2026-02-28T22:09:12Z,15,Hospital_1,138250
2026-02-28T22:09:12Z,15,Hospital_4,121150
2026-02-28T22:09:45Z,16,Hospital_1,121150
2026-02-28T22:09:45Z,16,Hospital_4,121150
2026-02-28T22:09:45Z,16,Hospital_2,138250
2026-02-28T22:09:45Z,16,Hospital_3,121150
2026-02-28T22:09:45Z,16,Hospital_5,121150
2026-02-28T22:10:18Z,17,Hospital_1,121150
2026-02-28T22:10:18Z,17,Hospital_4,121138
2026-02-28T22:10:18Z,17,Hospital_3,121150
2026-02-28T22:10:18Z,17,Hospital_5,121150
2026-02-28T22:10:18Z,17,Hospital_2,138250
2026-02-28T22:10:50Z,18,Hospital_5,121150
2026-02-28T22:10:50Z,18,Hospital_3,121150
2026-02-28T22:10:50Z,18,Hospital_4,121150
2026-02-28T22:10:50Z,18,Hospital_1,138250
2026-02-28T22:10:50Z,18,Hospital_2,121138
2026-02-28T22:11:21Z,19,Hospital_5,121150
2026-02-28T22:11:21Z,19,Hospital_1,138250
2026-02-28T22:11:21Z,19,Hospital_2,121150
2026-02-28T22:11:21Z,19,Hospital_4,121150
2026-02-28T22:11:21Z,19,Hospital_3,121150
2026-02-28T22:11:53Z,20,Hospital_5,121138
2026-02-28T22:11:53Z,20,Hospital_1,121150
2026-02-28T22:11:53Z,20,Hospital_3,121138
2026-02-28T22:11:53Z,20,Hospital_4,121150
2026-02-28T22:11:53Z,20,Hospital_2,138250
2026-02-28T22:12:26Z,21,Hospital_5,121150
2026-02-28T22:12:26Z,21,Hospital_1,121150
2026-02-28T22:12:26Z,21,Hospital_4,121150
2026-02-28T22:12:26Z,21,Hospital_2,138250
2026-02-28T22:12:26Z,21,Hospital_3,121150
2026-02-28T22:12:59Z,22,Hospital_4,121150
2026-02-28T22:12:59Z,22,Hospital_1,121150
2026-02-28T22:12:59Z,22,Hospital_2,138250
2026-02-28T22:12:59Z,22,Hospital_5,121150
2026-02-28T22:12:59Z,22,Hospital_3,121150
2026-02-28T22:13:34Z,23,Hospital_2,121150
2026-02-28T22:13:34Z,23,Hospital_1,138250
2026-02-28T22:13:34Z,23,Hospital_4,121150
2026-02-28T22:13:34Z,23,Hospital_5,121150
2026-02-28T22:13:34Z,23,Hospital_3,121150
2026-02-28T22:14:07Z,24,Hospital_2,138250
2026-02-28T22:14:07Z,24,Hospital_1,121150
2026-02-28T22:14:07Z,24,Hospital_4,121138
2026-02-28T22:14:07Z,24,Hospital_5,121150
2026-02-28T22:14:07Z,24,Hospital_3,121150
2026-02-28T22:14:41Z,25,Hospital_1,138250
2026-02-28T22:14:41Z,25,Hospital_5,121150
2026-02-28T22:14:41Z,25,Hospital_2,121150
2026-02-28T22:14:41Z,25,Hospital_4,121150
2026-02-28T22:14:41Z,25,Hospital_3,121150
2026-02-28T22:15:13Z,26,Hospital_5,121150
2026-02-28T22:15:13Z,26,Hospital_1,121150
2026-02-28T22:15:13Z,26,Hospital_4,121150
2026-02-28T22:15:13Z,26,Hospital_2,138250
2026-02-28T22:15:13Z,26,Hospital_3,121150
2026-02-28T22:15:44Z,27,Hospital_4,121150
2026-02-28T22:15:44Z,27,Hospital_2,121150
2026-02-28T22:15:44Z,27,Hospital_3,121150
2026-02-28T22:15:44Z,27,Hospital_5,121150
2026-02-28T22:15:44Z,27,Hospital_1,138250
2026-02-28T22:16:17Z,28,Hospital_2,138250
2026-02-28T22:16:17Z,28,Hospital_3,121150
2026-02-28T22:16:17Z,28,Hospital_5,121150
2026-02-28T22:16:17Z,28,Hospital_4,121150
2026-02-28T22:16:17Z,28,Hospital_1,121150
2026-02-28T22:16:50Z,29,Hospital_1,121150
2026-02-28T22:16:50Z,29,Hospital_5,121150
2026-02-28T22:16:50Z,29,Hospital_3,121150
2026-02-28T22:16:50Z,29,Hospital_2,138226
2026-02-28T22:16:50Z,29,Hospital_4,121150
2026-02-28T22:17:23Z,30,Hospital_3,121150
2026-02-28T22:17:23Z,30,Hospital_4,121150
2026-02-28T22:17:23Z,30,Hospital_5,121150
2026-02-28T22:17:23Z,30,Hospital_2,138250
2026-02-28T22:17:23Z,30,Hospital_1,121150
2026-02-28T22:17:53Z,1,Hospital_3,138250
2026-02-28T22:17:53Z,1,Hospital_5,121150
2026-02-28T22:18:23Z,2,Hospital_1,121150
2026-02-28T22:18:23Z,2,Hospital_2,138250
2026-02-28T22:18:23Z,2,Hospital_3,121150
2026-02-28T22:18:23Z,2,Hospital_5,121150
2026-02-28T22:18:23Z,2,Hospital_4,121150
2026-02-28T22:18:52Z,3,Hospital_3,121138
2026-02-28T22:18:52Z,3,Hospital_2,138250
2026-02-28T22:18:52Z,3,Hospital_4,121150
2026-02-28T22:18:52Z,3,Hospital_1,121150
2026-02-28T22:18:52Z,3,Hospital_5,121150
2026-02-28T22:19:20Z,4,Hospital_3,121150
2026-02-28T22:19:20Z,4,Hospital_5,121150
2026-02-28T22:19:20Z,4,Hospital_2,138250
2026-02-28T22:19:20Z,4,Hospital_1,121150
2026-02-28T22:19:20Z,4,Hospital_4,121150
2026-02-28T22:19:49Z,5,Hospital_2,138226
2026-02-28T22:19:49Z,5,Hospital_5,121150
2026-02-28T22:19:49Z,5,Hospital_1,121150
2026-02-28T22:19:49Z,5,Hospital_4,121150
2026-02-28T22:19:49Z,5,Hospital_3,121150
2026-02-28T22:20:17Z,6,Hospital_5,121150
2026-02-28T22:20:17Z,6,Hospital_2,138238
2026-02-28T22:20:17Z,6,Hospital_4,121150
2026-02-28T22:20:17Z,6,Hospital_3,121150
2026-02-28T22:20:17Z,6,Hospital_1,121150
2026-02-28T22:20:46Z,7,Hospital_1,121150
2026-02-28T22:20:46Z,7,Hospital_3,121138
2026-02-28T22:20:46Z,7,Hospital_5,121150
2026-02-28T22:20:46Z,7,Hospital_2,138250
2026-02-28T22:20:46Z,7,Hospital_4,121150
2026-02-28T22:21:15Z,8,Hospital_2,138250
2026-02-28T22:21:15Z,8,Hospital_3,121138
2026-02-28T22:21:15Z,8,Hospital_1,121150
2026-02-28T22:21:15Z,8,Hospital_4,121150
2026-02-28T22:21:15Z,8,Hospital_5,121150
2026-02-28T22:21:44Z,9,Hospital_4,121150
2026-02-28T22:21:44Z,9,Hospital_1,121150
2026-02-28T22:21:44Z,9,Hospital_3,121150
2026-02-28T22:21:44Z,9,Hospital_2,138250
2026-02-28T22:21:44Z,9,Hospital_5,121150
2026-02-28T22:22:12Z,10,Hospital_2,138250
2026-02-28T22:22:12Z,10,Hospital_3,121150
2026-02-28T22:22:12Z,10,Hospital_5,121150
2026-02-28T22:22:12Z,10,Hospital_1,121150
2026-02-28T22:22:12Z,10,Hospital_4,121150
2026-02-28T22:22:40Z,11,Hospital_5,121150
2026-02-28T22:22:40Z,11,Hospital_3,121150
2026-02-28T22:22:40Z,11,Hospital_4,121150
2026-02-28T22:22:40Z,11,Hospital_1,121150
2026-02-28T22:22:40Z,11,Hospital_2,138250
2026-02-28T22:23:09Z,12,Hospital_1,121150
2026-02-28T22:23:09Z,12,Hospital_3,121150
2026-02-28T22:23:09Z,12,Hospital_2,138250
2026-02-28T22:23:09Z,12,Hospital_5,121150
2026-02-28T22:23:09Z,12,Hospital_4,121150
2026-02-28T22:23:37Z,13,Hospital_3,121150
2026-02-28T22:23:37Z,13,Hospital_1,121150
2026-02-28T22:23:37Z,13,Hospital_5,121150
2026-02-28T22:23:37Z,13,Hospital_2,138250
2026-02-28T22:23:37Z,13,Hospital_4,121150
2026-02-28T22:24:05Z,14,Hospital_4,121138
2026-02-28T22:24:05Z,14,Hospital_1,121138
2026-02-28T22:24:05Z,14,Hospital_3,121138
2026-02-28T22:24:05Z,14,Hospital_2,138250
2026-02-28T22:24:05Z,14,Hospital_5,121150
2026-02-28T22:24:34Z,15,Hospital_1,121150
2026-02-28T22:24:34Z,15,Hospital_4,121150
2026-02-28T22:24:34Z,15,Hospital_2,138250
2026-02-28T22:24:34Z,15,Hospital_3,121150
2026-02-28T22:24:34Z,15,Hospital_5,121150
2026-02-28T22:25:02Z,16,Hospital_4,121138
2026-02-28T22:25:02Z,16,Hospital_1,121150
2026-02-28T22:25:02Z,16,Hospital_3,121150
2026-02-28T22:25:02Z,16,Hospital_5,121150
2026-02-28T22:25:02Z,16,Hospital_2,138250
2026-02-28T22:25:29Z,17,Hospital_1,121150
2026-02-28T22:25:29Z,17,Hospital_5,121138
2026-02-28T22:25:29Z,17,Hospital_4,121150
2026-02-28T22:25:29Z,17,Hospital_3,121150
2026-02-28T22:25:29Z,17,Hospital_2,138238
2026-02-28T22:25:56Z,18,Hospital_2,138250
2026-02-28T22:25:56Z,18,Hospital_1,121138
2026-02-28T22:25:56Z,18,Hospital_5,121150
2026-02-28T22:25:56Z,18,Hospital_4,121138
2026-02-28T22:25:56Z,18,Hospital_3,121150
2026-02-28T22:26:26Z,19,Hospital_4,121150
2026-02-28T22:26:26Z,19,Hospital_1,121150
2026-02-28T22:26:26Z,19,Hospital_5,121150
2026-02-28T22:26:26Z,19,Hospital_2,138250
2026-02-28T22:26:26Z,19,Hospital_3,121138
2026-02-28T22:26:55Z,20,Hospital_2,138250
2026-02-28T22:26:55Z,20,Hospital_5,121150
2026-02-28T22:26:55Z,20,Hospital_1,121150
2026-02-28T22:26:55Z,20,Hospital_3,121138
2026-02-28T22:26:55Z,20,Hospital_4,121150
2026-02-28T22:27:24Z,21,Hospital_5,121150
2026-02-28T22:27:24Z,21,Hospital_4,121150
2026-02-28T22:27:24Z,21,Hospital_2,138250
2026-02-28T22:27:24Z,21,Hospital_1,121150
2026-02-28T22:27:24Z,21,Hospital_3,121150
2026-02-28T22:27:53Z,22,Hospital_2,138250
2026-02-28T22:27:53Z,22,Hospital_1,121150
2026-02-28T22:27:53Z,22,Hospital_3,121150
2026-02-28T22:27:53Z,22,Hospital_5,121150
2026-02-28T22:27:53Z,22,Hospital_4,121150
2026-02-28T22:28:22Z,23,Hospital_5,121150
2026-02-28T22:28:22Z,23,Hospital_2,138238
2026-02-28T22:28:22Z,23,Hospital_4,121138
2026-02-28T22:28:22Z,23,Hospital_3,121150
2026-02-28T22:28:22Z,23,Hospital_1,121150
2026-02-28T22:28:51Z,24,Hospital_2,138250
2026-02-28T22:28:51Z,24,Hospital_4,121150
2026-02-28T22:28:51Z,24,Hospital_1,121150
2026-02-28T22:28:51Z,24,Hospital_3,121138
2026-02-28T22:28:51Z,24,Hospital_5,121150
2026-02-28T22:29:20Z,25,Hospital_2,138250
2026-02-28T22:29:20Z,25,Hospital_1,121150
2026-02-28T22:29:20Z,25,Hospital_5,121150
2026-02-28T22:29:20Z,25,Hospital_3,121150
2026-02-28T22:29:20Z,25,Hospital_4,121150
2026-02-28T22:29:49Z,26,Hospital_1,121150
2026-02-28T22:29:49Z,26,Hospital_5,121150
2026-02-28T22:29:49Z,26,Hospital_4,121150
2026-02-28T22:29:49Z,26,Hospital_2,138250
2026-02-28T22:29:49Z,26,Hospital_3,121150
2026-02-28T22:30:18Z,27,Hospital_5,121150
2026-02-28T22:30:18Z,27,Hospital_1,121150
2026-02-28T22:30:18Z,27,Hospital_4,121150
2026-02-28T22:30:18Z,27,Hospital_2,138250
2026-02-28T22:30:18Z,27,Hospital_3,121150
2026-02-28T22:30:46Z,28,Hospital_1,121150
2026-02-28T22:30:46Z,28,Hospital_2,138250
2026-02-28T22:30:46Z,28,Hospital_4,121150
2026-02-28T22:30:46Z,28,Hospital_3,121150
2026-02-28T22:30:46Z,28,Hospital_5,121150
2026-02-28T22:31:16Z,29,Hospital_5,121150
2026-02-28T22:31:16Z,29,Hospital_2,138250
2026-02-28T22:31:16Z,29,Hospital_3,121150
2026-02-28T22:31:16Z,29,Hospital_1,121150
2026-02-28T22:31:16Z,29,Hospital_4,121150
2026-02-28T22:31:45Z,30,Hospital_1,121150
2026-02-28T22:31:45Z,30,Hospital_2,138250
2026-02-28T22:31:45Z,30,Hospital_3,121150
2026-02-28T22:31:45Z,30,Hospital_4,121150
2026-02-28T22:31:45Z,30,Hospital_5,121150
2026-02-28T22:32:15Z,1,Hospital_4,138250
2026-02-28T22:32:15Z,1,Hospital_3,121150
2026-02-28T22:32:45Z,2,Hospital_4,121150
2026-02-28T22:32:45Z,2,Hospital_5,121150
2026-02-28T22:32:45Z,2,Hospital_3,121150
2026-02-28T22:32:45Z,2,Hospital_1,121150
2026-02-28T22:32:45Z,2,Hospital_2,138250
2026-02-28T22:33:14Z,3,Hospital_3,121150
2026-02-28T22:33:14Z,3,Hospital_5,121150
2026-02-28T22:33:14Z,3,Hospital_2,138238
2026-02-28T22:33:14Z,3,Hospital_1,121150
2026-02-28T22:33:14Z,3,Hospital_4,121150
2026-02-28T22:33:43Z,4,Hospital_5,121150
2026-02-28T22:33:43Z,4,Hospital_1,121150
2026-02-28T22:33:43Z,4,Hospital_3,121150
2026-02-28T22:33:43Z,4,Hospital_2,138250
2026-02-28T22:33:43Z,4,Hospital_4,121150
2026-02-28T22:34:12Z,5,Hospital_4,121150
2026-02-28T22:34:12Z,5,Hospital_2,138250
2026-02-28T22:34:12Z,5,Hospital_3,121150
2026-02-28T22:34:12Z,5,Hospital_1,121150
2026-02-28T22:34:12Z,5,Hospital_5,121150
2026-02-28T22:34:40Z,6,Hospital_2,138250
2026-02-28T22:34:40Z,6,Hospital_1,121150
2026-02-28T22:34:40Z,6,Hospital_4,121150
2026-02-28T22:34:40Z,6,Hospital_5,121150
2026-02-28T22:34:40Z,6,Hospital_3,121150
2026-02-28T22:35:08Z,7,Hospital_5,121150
2026-02-28T22:35:08Z,7,Hospital_4,121138
2026-02-28T22:35:08Z,7,Hospital_1,121150
2026-02-28T22:35:08Z,7,Hospital_3,121150
2026-02-28T22:35:08Z,7,Hospital_2,138250
2026-02-28T22:35:37Z,8,Hospital_1,121150
2026-02-28T22:35:37Z,8,Hospital_2,138238
2026-02-28T22:35:37Z,8,Hospital_3,121150
2026-02-28T22:35:37Z,8,Hospital_5,121150
2026-02-28T22:35:37Z,8,Hospital_4,121138
2026-02-28T22:36:05Z,9,Hospital_3,121150
2026-02-28T22:36:05Z,9,Hospital_4,121150
2026-02-28T22:36:05Z,9,Hospital_5,121150
2026-02-28T22:36:05Z,9,Hospital_2,138250
2026-02-28T22:36:05Z,9,Hospital_1,121150
2026-02-28T22:36:35Z,10,Hospital_5,121150
2026-02-28T22:36:35Z,10,Hospital_3,121150
2026-02-28T22:36:35Z,10,Hospital_2,138250
2026-02-28T22:36:35Z,10,Hospital_4,121150
2026-02-28T22:36:35Z,10,Hospital_1,121150
2026-02-28T22:37:04Z,11,Hospital_5,121150
2026-02-28T22:37:04Z,11,Hospital_2,138250
2026-02-28T22:37:04Z,11,Hospital_1,121150
2026-02-28T22:37:04Z,11,Hospital_4,121150
2026-02-28T22:37:04Z,11,Hospital_3,121150
2026-02-28T22:37:33Z,12,Hospital_1,121150
2026-02-28T22:37:33Z,12,Hospital_2,138250
2026-02-28T22:37:33Z,12,Hospital_5,121138
2026-02-28T22:37:33Z,12,Hospital_3,121150
2026-02-28T22:37:33Z,12,Hospital_4,121150
2026-02-28T22:38:03Z,13,Hospital_4,121150
2026-02-28T22:38:03Z,13,Hospital_5,121150
2026-02-28T22:38:03Z,13,Hospital_3,121150
2026-02-28T22:38:03Z,13,Hospital_1,121150
2026-02-28T22:38:03Z,13,Hospital_2,138250
2026-02-28T22:38:32Z,14,Hospital_2,138250
2026-02-28T22:38:32Z,14,Hospital_5,121150
2026-02-28T22:38:32Z,14,Hospital_3,121150
2026-02-28T22:38:32Z,14,Hospital_1,121150
2026-02-28T22:38:32Z,14,Hospital_4,121150
2026-02-28T22:39:01Z,15,Hospital_1,121150
2026-02-28T22:39:01Z,15,Hospital_2,138238
2026-02-28T22:39:01Z,15,Hospital_5,121138
2026-02-28T22:39:01Z,15,Hospital_4,121150
2026-02-28T22:39:01Z,15,Hospital_3,121138
2026-02-28T22:39:30Z,16,Hospital_1,121150
2026-02-28T22:39:30Z,16,Hospital_5,121150
2026-02-28T22:39:30Z,16,Hospital_2,138250
2026-02-28T22:39:30Z,16,Hospital_4,121150
2026-02-28T22:39:30Z,16,Hospital_3,121150
2026-02-28T22:39:59Z,17,Hospital_2,138250
2026-02-28T22:39:59Z,17,Hospital_3,121150
2026-02-28T22:39:59Z,17,Hospital_5,121150
2026-02-28T22:39:59Z,17,Hospital_4,121150
2026-02-28T22:39:59Z,17,Hospital_1,121150
2026-02-28T22:40:29Z,18,Hospital_5,121150
2026-02-28T22:40:29Z,18,Hospital_2,138250
2026-02-28T22:40:29Z,18,Hospital_4,121150
2026-02-28T22:40:29Z,18,Hospital_1,121138
2026-02-28T22:40:29Z,18,Hospital_3,121138
2026-02-28T22:40:57Z,19,Hospital_5,121150
2026-02-28T22:40:57Z,19,Hospital_1,121150
2026-02-28T22:40:57Z,19,Hospital_4,121150
2026-02-28T22:40:57Z,19,Hospital_3,121150
2026-02-28T22:40:57Z,19,Hospital_2,138250
2026-02-28T22:41:26Z,20,Hospital_1,121150
2026-02-28T22:41:26Z,20,Hospital_2,138250
2026-02-28T22:41:26Z,20,Hospital_3,121150
2026-02-28T22:41:26Z,20,Hospital_4,121150
2026-02-28T22:41:26Z,20,Hospital_5,121150
2026-02-28T22:41:56Z,21,Hospital_1,121150
2026-02-28T22:41:56Z,21,Hospital_5,121150
2026-02-28T22:41:56Z,21,Hospital_2,138238
2026-02-28T22:41:56Z,21,Hospital_3,121150
2026-02-28T22:41:56Z,21,Hospital_4,121150
2026-02-28T22:42:24Z,22,Hospital_3,121150
2026-02-28T22:42:24Z,22,Hospital_4,121138
2026-02-28T22:42:24Z,22,Hospital_1,121150
2026-02-28T22:42:24Z,22,Hospital_5,121150
2026-02-28T22:42:24Z,22,Hospital_2,138250
2026-02-28T22:42:53Z,23,Hospital_4,121138
2026-02-28T22:42:53Z,23,Hospital_5,121150
2026-02-28T22:42:53Z,23,Hospital_3,121150
2026-02-28T22:42:53Z,23,Hospital_2,138250
2026-02-28T22:42:53Z,23,Hospital_1,121150
2026-02-28T22:43:22Z,24,Hospital_5,121150
2026-02-28T22:43:22Z,24,Hospital_3,121150
2026-02-28T22:43:22Z,24,Hospital_2,138250
2026-02-28T22:43:22Z,24,Hospital_4,121150
2026-02-28T22:43:22Z,24,Hospital_1,121150
2026-02-28T22:43:51Z,25,Hospital_2,138250
2026-02-28T22:43:51Z,25,Hospital_4,121150
2026-02-28T22:43:51Z,25,Hospital_5,121150
2026-02-28T22:43:51Z,25,Hospital_1,121150
2026-02-28T22:43:51Z,25,Hospital_3,121150
2026-02-28T22:44:20Z,26,Hospital_2,138250
2026-02-28T22:44:20Z,26,Hospital_5,121150
2026-02-28T22:44:20Z,26,Hospital_3,121150
2026-02-28T22:44:20Z,26,Hospital_1,121150
2026-02-28T22:44:20Z,26,Hospital_4,121138
2026-02-28T22:44:49Z,27,Hospital_2,138250
2026-02-28T22:44:49Z,27,Hospital_1,121150
2026-02-28T22:44:49Z,27,Hospital_5,121150
2026-02-28T22:44:49Z,27,Hospital_4,121150
2026-02-28T22:44:49Z,27,Hospital_3,121150
2026-02-28T22:45:18Z,28,Hospital_2,138250
2026-02-28T22:45:18Z,28,Hospital_4,121150
2026-02-28T22:45:18Z,28,Hospital_1,121150
2026-02-28T22:45:18Z,28,Hospital_5,121150
2026-02-28T22:45:18Z,28,Hospital_3,121150
2026-02-28T22:45:50Z,29,Hospital_1,121150
2026-02-28T22:45:50Z,29,Hospital_4,121150
2026-02-28T22:45:50Z,29,Hospital_2,138250
2026-02-28T22:45:50Z,29,Hospital_3,121138
2026-02-28T22:45:50Z,29,Hospital_5,121150
2026-02-28T22:46:21Z,30,Hospital_3,121126
2026-02-28T22:46:21Z,30,Hospital_1,121150
2026-02-28T22:46:21Z,30,Hospital_4,121150
2026-02-28T22:46:21Z,30,Hospital_5,121150
2026-02-28T22:46:21Z,30,Hospital_2,138250
2026-02-28T22:46:52Z,1,Hospital_2,121138
2026-02-28T22:46:52Z,1,Hospital_4,138250
2026-02-28T22:47:27Z,2,Hospital_5,121150
2026-02-28T22:47:27Z,2,Hospital_1,121150
2026-02-28T22:47:27Z,2,Hospital_4,121150
2026-02-28T22:47:27Z,2,Hospital_3,121150
2026-02-28T22:47:27Z,2,Hospital_2,138250
2026-02-28T22:48:02Z,3,Hospital_3,121150
2026-02-28T22:48:02Z,3,Hospital_2,138250
2026-02-28T22:48:02Z,3,Hospital_4,121150
2026-02-28T22:48:02Z,3,Hospital_5,121150
2026-02-28T22:48:02Z,3,Hospital_1,121150
2026-02-28T22:48:37Z,4,Hospital_3,121150
2026-02-28T22:48:37Z,4,Hospital_5,121150
2026-02-28T22:48:37Z,4,Hospital_4,121150
2026-02-28T22:48:37Z,4,Hospital_1,138250
2026-02-28T22:48:37Z,4,Hospital_2,121150
2026-02-28T22:49:13Z,5,Hospital_1,138250
2026-02-28T22:49:13Z,5,Hospital_5,121150
2026-02-28T22:49:13Z,5,Hospital_2,121150
2026-02-28T22:49:13Z,5,Hospital_3,121150
2026-02-28T22:49:13Z,5,Hospital_4,121150
2026-02-28T22:49:48Z,6,Hospital_1,138250
2026-02-28T22:49:48Z,6,Hospital_3,121150
2026-02-28T22:49:48Z,6,Hospital_2,121150
2026-02-28T22:49:48Z,6,Hospital_5,121150
2026-02-28T22:49:48Z,6,Hospital_4,121150
2026-02-28T22:50:23Z,7,Hospital_3,121150
2026-02-28T22:50:23Z,7,Hospital_4,121150
2026-02-28T22:50:23Z,7,Hospital_1,121150
2026-02-28T22:50:23Z,7,Hospital_5,121150
2026-02-28T22:50:23Z,7,Hospital_2,138250
2026-02-28T22:50:58Z,8,Hospital_1,121150
2026-02-28T22:50:58Z,8,Hospital_2,138250
2026-02-28T22:50:58Z,8,Hospital_5,121150
2026-02-28T22:50:58Z,8,Hospital_4,121150
2026-02-28T22:50:58Z,8,Hospital_3,121150
2026-02-28T22:51:33Z,9,Hospital_5,121150
2026-02-28T22:51:33Z,9,Hospital_1,138250
2026-02-28T22:51:33Z,9,Hospital_4,121150
2026-02-28T22:51:33Z,9,Hospital_2,121150
2026-02-28T22:51:33Z,9,Hospital_3,121150
2026-02-28T22:52:06Z,10,Hospital_1,138250
2026-02-28T22:52:06Z,10,Hospital_4,121150
2026-02-28T22:52:06Z,10,Hospital_3,121150
2026-02-28T22:52:06Z,10,Hospital_2,121150
2026-02-28T22:52:06Z,10,Hospital_5,121150
2026-02-28T22:53:15Z,1,Hospital_2,121138
2026-02-28T22:53:15Z,1,Hospital_1,138250
2026-02-28T22:53:47Z,2,Hospital_4,121150
2026-02-28T22:53:47Z,2,Hospital_5,121150
2026-02-28T22:53:47Z,2,Hospital_1,138250
2026-02-28T22:53:47Z,2,Hospital_3,121150
2026-02-28T22:53:47Z,2,Hospital_2,121150
2026-02-28T22:54:19Z,3,Hospital_4,121150
2026-02-28T22:54:19Z,3,Hospital_3,121150
2026-02-28T22:54:19Z,3,Hospital_5,121150
2026-02-28T22:54:19Z,3,Hospital_2,121150
2026-02-28T22:54:19Z,3,Hospital_1,138250
2026-02-28T22:54:52Z,4,Hospital_3,121150
2026-02-28T22:54:52Z,4,Hospital_1,138250
2026-02-28T22:54:52Z,4,Hospital_5,121150
2026-02-28T22:54:52Z,4,Hospital_4,121150
2026-02-28T22:54:52Z,4,Hospital_2,121150
2026-02-28T22:55:24Z,5,Hospital_5,121150
2026-02-28T22:55:24Z,5,Hospital_2,121150
2026-02-28T22:55:24Z,5,Hospital_4,121150
2026-02-28T22:55:24Z,5,Hospital_1,138250
2026-02-28T22:55:24Z,5,Hospital_3,121150
2026-02-28T22:55:57Z,6,Hospital_4,121150
2026-02-28T22:55:57Z,6,Hospital_3,121150
2026-02-28T22:55:57Z,6,Hospital_1,138250
2026-02-28T22:55:57Z,6,Hospital_5,121150
2026-02-28T22:55:57Z,6,Hospital_2,121150
2026-02-28T22:56:39Z,7,Hospital_2,121138
2026-02-28T22:56:39Z,7,Hospital_4,121150
2026-02-28T22:56:39Z,7,Hospital_5,121138
2026-02-28T22:56:39Z,7,Hospital_3,121150
2026-02-28T22:56:39Z,7,Hospital_1,138250
2026-02-28T22:57:11Z,8,Hospital_3,121150
2026-02-28T22:57:11Z,8,Hospital_4,121150
2026-02-28T22:57:11Z,8,Hospital_5,121138
2026-02-28T22:57:11Z,8,Hospital_1,138250
2026-02-28T22:57:11Z,8,Hospital_2,121150
2026-02-28T22:57:44Z,9,Hospital_5,121150
2026-02-28T22:57:44Z,9,Hospital_1,138250
2026-02-28T22:57:44Z,9,Hospital_2,121126
2026-02-28T22:57:44Z,9,Hospital_4,121150
2026-02-28T22:57:44Z,9,Hospital_3,121150
2026-02-28T22:58:16Z,10,Hospital_4,121150
2026-02-28T22:58:16Z,10,Hospital_5,121150
2026-02-28T22:58:16Z,10,Hospital_1,138250
2026-02-28T22:58:16Z,10,Hospital_2,121150
2026-02-28T22:58:16Z,10,Hospital_3,121150
2026-02-28T22:58:48Z,11,Hospital_5,121138
2026-02-28T22:58:48Z,11,Hospital_2,121150
2026-02-28T22:58:48Z,11,Hospital_4,121150
2026-02-28T22:58:48Z,11,Hospital_3,121150
2026-02-28T22:58:48Z,11,Hospital_1,138250
2026-02-28T22:59:21Z,12,Hospital_4,121150
2026-02-28T22:59:21Z,12,Hospital_5,121150
2026-02-28T22:59:21Z,12,Hospital_3,121150
2026-02-28T22:59:21Z,12,Hospital_1,138250
2026-02-28T22:59:21Z,12,Hospital_2,121150
2026-02-28T22:59:53Z,13,Hospital_2,121150
2026-02-28T22:59:53Z,13,Hospital_3,121150
2026-02-28T22:59:53Z,13,Hospital_4,121150
2026-02-28T22:59:53Z,13,Hospital_1,138250
2026-02-28T22:59:53Z,13,Hospital_5,121150
2026-02-28T23:00:26Z,14,Hospital_5,121150
2026-02-28T23:00:26Z,14,Hospital_2,121150
2026-02-28T23:00:26Z,14,Hospital_3,121150
2026-02-28T23:00:26Z,14,Hospital_4,121150
2026-02-28T23:00:26Z,14,Hospital_1,138250
2026-02-28T23:00:59Z,15,Hospital_4,121150
2026-02-28T23:00:59Z,15,Hospital_1,138250
2026-02-28T23:00:59Z,15,Hospital_2,121150
2026-02-28T23:00:59Z,15,Hospital_5,121150
2026-02-28T23:00:59Z,15,Hospital_3,121150
2026-02-28T23:01:31Z,16,Hospital_1,138250
2026-02-28T23:01:31Z,16,Hospital_3,121150
2026-02-28T23:01:31Z,16,Hospital_2,121150
2026-02-28T23:01:31Z,16,Hospital_4,121150
2026-02-28T23:01:31Z,16,Hospital_5,121150
2026-02-28T23:02:05Z,17,Hospital_4,121150
2026-02-28T23:02:05Z,17,Hospital_5,121150
2026-02-28T23:02:05Z,17,Hospital_2,121150
2026-02-28T23:02:05Z,17,Hospital_1,138250
2026-02-28T23:02:05Z,17,Hospital_3,121150
2026-02-28T23:02:38Z,18,Hospital_1,138250
2026-02-28T23:02:38Z,18,Hospital_4,121150
2026-02-28T23:02:38Z,18,Hospital_3,121150
2026-02-28T23:02:38Z,18,Hospital_5,121150
2026-02-28T23:02:38Z,18,Hospital_2,121150
2026-02-28T23:03:10Z,19,Hospital_4,121150
2026-02-28T23:03:10Z,19,Hospital_5,121150
2026-02-28T23:03:10Z,19,Hospital_2,121150
2026-02-28T23:03:10Z,19,Hospital_1,138250
2026-02-28T23:03:10Z,19,Hospital_3,121150
2026-02-28T23:03:44Z,20,Hospital_1,138250
2026-02-28T23:03:44Z,20,Hospital_5,121150
2026-02-28T23:03:44Z,20,Hospital_2,121150
2026-02-28T23:03:44Z,20,Hospital_3,121150
2026-02-28T23:03:44Z,20,Hospital_4,121150
2026-02-28T23:04:16Z,21,Hospital_4,121150
2026-02-28T23:04:16Z,21,Hospital_3,121150
2026-02-28T23:04:16Z,21,Hospital_1,138250
2026-02-28T23:04:16Z,21,Hospital_2,121138
2026-02-28T23:04:16Z,21,Hospital_5,121150
2026-02-28T23:04:48Z,22,Hospital_1,138250
2026-02-28T23:04:48Z,22,Hospital_5,121150
2026-02-28T23:04:48Z,22,Hospital_4,121150
2026-02-28T23:04:48Z,22,Hospital_2,121150
2026-02-28T23:04:48Z,22,Hospital_3,121150
2026-02-28T23:05:21Z,23,Hospital_3,121150
2026-02-28T23:05:21Z,23,Hospital_1,138250
2026-02-28T23:05:21Z,23,Hospital_4,121150
2026-02-28T23:05:21Z,23,Hospital_5,121150
2026-02-28T23:05:21Z,23,Hospital_2,121150
2026-02-28T23:06:14Z,24,Hospital_1,138250
2026-02-28T23:06:14Z,24,Hospital_2,121150
2026-02-28T23:06:14Z,24,Hospital_5,121150
2026-02-28T23:06:14Z,24,Hospital_3,121150
2026-02-28T23:06:14Z,24,Hospital_4,121150
2026-02-28T23:06:46Z,25,Hospital_4,121150
2026-02-28T23:06:46Z,25,Hospital_5,121150
2026-02-28T23:06:46Z,25,Hospital_3,121150
2026-02-28T23:06:46Z,25,Hospital_2,121150
2026-02-28T23:06:46Z,25,Hospital_1,138250
2026-02-28T23:07:19Z,26,Hospital_1,138238
2026-02-28T23:07:19Z,26,Hospital_2,121138
2026-02-28T23:07:19Z,26,Hospital_3,121138
2026-02-28T23:07:19Z,26,Hospital_5,121138
2026-02-28T23:07:19Z,26,Hospital_4,121138
2026-02-28T23:07:51Z,27,Hospital_3,121150
2026-02-28T23:07:51Z,27,Hospital_2,121150
2026-02-28T23:07:51Z,27,Hospital_1,138250
2026-02-28T23:07:51Z,27,Hospital_4,121150
2026-02-28T23:07:51Z,27,Hospital_5,121150
2026-02-28T23:08:24Z,28,Hospital_3,121150
2026-02-28T23:08:24Z,28,Hospital_1,138250
2026-02-28T23:08:24Z,28,Hospital_4,121150
2026-02-28T23:08:24Z,28,Hospital_5,121150
2026-02-28T23:08:24Z,28,Hospital_2,121150
2026-02-28T23:08:56Z,29,Hospital_4,121150
2026-02-28T23:08:56Z,29,Hospital_2,121150
2026-02-28T23:08:56Z,29,Hospital_3,121150
2026-02-28T23:08:56Z,29,Hospital_1,138250
2026-02-28T23:08:56Z,29,Hospital_5,121150
2026-02-28T23:09:28Z,30,Hospital_4,121138
2026-02-28T23:09:28Z,30,Hospital_2,121150
2026-02-28T23:09:28Z,30,Hospital_3,121138
2026-02-28T23:09:28Z,30,Hospital_5,121138
2026-02-28T23:09:28Z,30,Hospital_1,138238
2026-02-28T23:10:09Z,1,Hospital_4,138250
2026-02-28T23:10:09Z,1,Hospital_5,121150
2026-02-28T23:10:42Z,2,Hospital_4,121150
2026-02-28T23:10:42Z,2,Hospital_2,121150
2026-02-28T23:10:42Z,2,Hospital_1,138250
2026-02-28T23:10:42Z,2,Hospital_5,121138
2026-02-28T23:11:14Z,3,Hospital_2,121138
2026-02-28T23:11:14Z,3,Hospital_4,121150
2026-02-28T23:11:14Z,3,Hospital_1,138250
2026-02-28T23:11:14Z,3,Hospital_5,121150
2026-02-28T23:11:46Z,4,Hospital_1,138250
2026-02-28T23:11:46Z,4,Hospital_2,121150
2026-02-28T23:11:46Z,4,Hospital_4,121150
2026-02-28T23:11:46Z,4,Hospital_5,121150
2026-02-28T23:12:18Z,5,Hospital_2,121150
2026-02-28T23:12:18Z,5,Hospital_5,121150
2026-02-28T23:12:18Z,5,Hospital_1,138250
2026-02-28T23:12:18Z,5,Hospital_4,121138
2026-02-28T23:12:50Z,6,Hospital_4,121150
2026-02-28T23:12:50Z,6,Hospital_1,121150
2026-02-28T23:12:50Z,6,Hospital_5,138238
2026-02-28T23:12:50Z,6,Hospital_2,121150
2026-02-28T23:13:22Z,7,Hospital_4,121150
2026-02-28T23:13:22Z,7,Hospital_2,121138
2026-02-28T23:13:22Z,7,Hospital_5,138250
2026-02-28T23:13:22Z,7,Hospital_1,121150
2026-02-28T23:13:54Z,8,Hospital_5,121150
2026-02-28T23:13:54Z,8,Hospital_2,121150
2026-02-28T23:13:54Z,8,Hospital_1,138250
2026-02-28T23:13:54Z,8,Hospital_4,121150
2026-02-28T23:14:26Z,9,Hospital_5,138250
2026-02-28T23:14:26Z,9,Hospital_1,121150
2026-02-28T23:14:26Z,9,Hospital_2,121150
2026-02-28T23:14:26Z,9,Hospital_4,121138
2026-02-28T23:14:58Z,10,Hospital_1,138250
2026-02-28T23:14:58Z,10,Hospital_2,121138
2026-02-28T23:14:58Z,10,Hospital_5,121150
2026-02-28T23:14:58Z,10,Hospital_4,121150
2026-02-28T23:15:30Z,11,Hospital_5,138250
2026-02-28T23:15:30Z,11,Hospital_4,121150
2026-02-28T23:15:30Z,11,Hospital_2,121150
2026-02-28T23:15:30Z,11,Hospital_1,121150
2026-02-28T23:16:03Z,12,Hospital_4,121150
2026-02-28T23:16:03Z,12,Hospital_2,121138
2026-02-28T23:16:03Z,12,Hospital_1,121138
2026-02-28T23:16:03Z,12,Hospital_5,138250
2026-02-28T23:16:35Z,13,Hospital_2,121150
2026-02-28T23:16:35Z,13,Hospital_4,121150
2026-02-28T23:16:35Z,13,Hospital_1,138250
2026-02-28T23:16:35Z,13,Hospital_5,121150
2026-02-28T23:17:07Z,14,Hospital_4,121138
2026-02-28T23:17:07Z,14,Hospital_1,138250
2026-02-28T23:17:07Z,14,Hospital_2,121150
2026-02-28T23:17:07Z,14,Hospital_5,121150
2026-02-28T23:17:39Z,15,Hospital_2,121150
2026-02-28T23:17:39Z,15,Hospital_1,138250
2026-02-28T23:17:39Z,15,Hospital_5,121150
2026-02-28T23:17:39Z,15,Hospital_4,121150
2026-02-28T23:18:11Z,16,Hospital_5,138250
2026-02-28T23:18:11Z,16,Hospital_2,121150
2026-02-28T23:18:11Z,16,Hospital_4,121150
2026-02-28T23:18:11Z,16,Hospital_1,121150
2026-02-28T23:18:43Z,17,Hospital_1,138250
2026-02-28T23:18:43Z,17,Hospital_4,121150
2026-02-28T23:18:43Z,17,Hospital_2,121150
2026-02-28T23:18:43Z,17,Hospital_5,121150
2026-02-28T23:19:15Z,18,Hospital_2,121150
2026-02-28T23:19:15Z,18,Hospital_1,138250
2026-02-28T23:19:15Z,18,Hospital_4,121150
2026-02-28T23:19:15Z,18,Hospital_5,121150
2026-02-28T23:19:48Z,19,Hospital_4,121150
2026-02-28T23:19:48Z,19,Hospital_2,121150
2026-02-28T23:19:48Z,19,Hospital_5,138250
2026-02-28T23:19:48Z,19,Hospital_1,121150
2026-02-28T23:20:21Z,20,Hospital_1,138250
2026-02-28T23:20:21Z,20,Hospital_4,121150
2026-02-28T23:20:21Z,20,Hospital_2,121150
2026-02-28T23:20:21Z,20,Hospital_5,121150
2026-02-28T23:20:53Z,21,Hospital_5,138250
2026-02-28T23:20:53Z,21,Hospital_4,121150
2026-02-28T23:20:53Z,21,Hospital_2,121150
2026-02-28T23:20:53Z,21,Hospital_1,121150
2026-02-28T23:21:26Z,22,Hospital_2,121150
2026-02-28T23:21:26Z,22,Hospital_1,121150
2026-02-28T23:21:26Z,22,Hospital_4,121150
2026-02-28T23:21:26Z,22,Hospital_5,138250
2026-02-28T23:21:58Z,23,Hospital_5,138250
2026-02-28T23:21:58Z,23,Hospital_4,121150
2026-02-28T23:21:58Z,23,Hospital_2,121150
2026-02-28T23:21:58Z,23,Hospital_1,121150
2026-02-28T23:22:30Z,24,Hospital_1,138250
2026-02-28T23:22:30Z,24,Hospital_5,121150
2026-02-28T23:22:30Z,24,Hospital_2,121150
2026-02-28T23:22:30Z,24,Hospital_4,121150
2026-02-28T23:23:02Z,25,Hospital_4,121138
2026-02-28T23:23:02Z,25,Hospital_5,121150
2026-02-28T23:23:02Z,25,Hospital_2,121150
2026-02-28T23:23:02Z,25,Hospital_1,138250
2026-02-28T23:23:34Z,26,Hospital_1,138250
2026-02-28T23:23:34Z,26,Hospital_5,121150
2026-02-28T23:23:34Z,26,Hospital_4,121138
2026-02-28T23:23:34Z,26,Hospital_2,121150
2026-02-28T23:24:07Z,27,Hospital_2,121150
2026-02-28T23:24:07Z,27,Hospital_5,138250
2026-02-28T23:24:07Z,27,Hospital_1,121150
2026-02-28T23:24:07Z,27,Hospital_4,121150
2026-02-28T23:24:39Z,28,Hospital_5,138238
2026-02-28T23:24:39Z,28,Hospital_2,121150
2026-02-28T23:24:39Z,28,Hospital_1,121150
2026-02-28T23:24:39Z,28,Hospital_4,121150
2026-02-28T23:25:11Z,29,Hospital_2,121150
2026-02-28T23:25:11Z,29,Hospital_5,121150
2026-02-28T23:25:11Z,29,Hospital_1,138250
2026-02-28T23:25:11Z,29,Hospital_4,121150
2026-02-28T23:25:43Z,30,Hospital_5,121150
2026-02-28T23:25:43Z,30,Hospital_2,121150
2026-02-28T23:25:43Z,30,Hospital_1,138250
2026-02-28T23:25:43Z,30,Hospital_4,121150
2026-02-28T23:26:16Z,1,Hospital_2,121150
2026-02-28T23:26:16Z,1,Hospital_1,138250
2026-02-28T23:26:49Z,2,Hospital_5,138250
2026-02-28T23:26:49Z,2,Hospital_2,121150
2026-02-28T23:26:49Z,2,Hospital_4,121150
2026-02-28T23:26:49Z,2,Hospital_1,121150
2026-02-28T23:27:22Z,3,Hospital_4,121150
2026-02-28T23:27:22Z,3,Hospital_5,138250
2026-02-28T23:27:22Z,3,Hospital_1,121150
2026-02-28T23:27:22Z,3,Hospital_2,121150
2026-02-28T23:27:54Z,4,Hospital_4,121150
2026-02-28T23:27:54Z,4,Hospital_1,121150
2026-02-28T23:27:54Z,4,Hospital_5,138250
2026-02-28T23:27:54Z,4,Hospital_2,121150
2026-02-28T23:28:26Z,5,Hospital_1,138250
2026-02-28T23:28:26Z,5,Hospital_4,121138
2026-02-28T23:28:26Z,5,Hospital_2,121138
2026-02-28T23:28:26Z,5,Hospital_5,121150
2026-02-28T23:28:58Z,6,Hospital_1,121150
2026-02-28T23:28:58Z,6,Hospital_4,121150
2026-02-28T23:28:58Z,6,Hospital_2,121150
2026-02-28T23:28:58Z,6,Hospital_5,138250
2026-02-28T23:29:31Z,7,Hospital_5,138250
2026-02-28T23:29:31Z,7,Hospital_4,121150
2026-02-28T23:29:31Z,7,Hospital_2,121138
2026-02-28T23:29:31Z,7,Hospital_1,121150
2026-02-28T23:30:03Z,8,Hospital_1,138238
2026-02-28T23:30:03Z,8,Hospital_2,121150
2026-02-28T23:30:03Z,8,Hospital_5,121150
2026-02-28T23:30:03Z,8,Hospital_4,121150
2026-02-28T23:30:35Z,9,Hospital_4,121150
2026-02-28T23:30:35Z,9,Hospital_5,121150
2026-02-28T23:30:35Z,9,Hospital_2,121150
2026-02-28T23:30:35Z,9,Hospital_1,138250
2026-02-28T23:31:07Z,10,Hospital_2,121150
2026-02-28T23:31:07Z,10,Hospital_1,121150
2026-02-28T23:31:07Z,10,Hospital_4,121150
2026-02-28T23:31:07Z,10,Hospital_5,138250
2026-02-28T23:31:39Z,11,Hospital_1,121150
2026-02-28T23:31:39Z,11,Hospital_2,121150
2026-02-28T23:31:39Z,11,Hospital_5,138250
2026-02-28T23:31:39Z,11,Hospital_4,121150
2026-02-28T23:32:11Z,12,Hospital_2,121138
2026-02-28T23:32:11Z,12,Hospital_4,121138
2026-02-28T23:32:11Z,12,Hospital_5,138250
2026-02-28T23:32:11Z,12,Hospital_1,121150
2026-02-28T23:32:45Z,13,Hospital_5,121150
2026-02-28T23:32:45Z,13,Hospital_2,121150
2026-02-28T23:32:45Z,13,Hospital_1,138250
2026-02-28T23:32:45Z,13,Hospital_4,121150
2026-02-28T23:33:17Z,14,Hospital_5,121150
2026-02-28T23:33:17Z,14,Hospital_2,121150
2026-02-28T23:33:17Z,14,Hospital_1,138250
2026-02-28T23:33:17Z,14,Hospital_4,121150
2026-02-28T23:33:49Z,15,Hospital_2,121150
2026-02-28T23:33:49Z,15,Hospital_1,121150
2026-02-28T23:33:49Z,15,Hospital_4,121150
2026-02-28T23:33:49Z,15,Hospital_5,138250
2026-02-28T23:34:22Z,16,Hospital_2,121150
2026-02-28T23:34:22Z,16,Hospital_4,121150
2026-02-28T23:34:22Z,16,Hospital_5,121150
2026-02-28T23:34:22Z,16,Hospital_1,138250
2026-02-28T23:34:55Z,17,Hospital_2,121150
2026-02-28T23:34:55Z,17,Hospital_1,121150
2026-02-28T23:34:55Z,17,Hospital_5,138250
2026-02-28T23:34:55Z,17,Hospital_4,121150
2026-02-28T23:35:27Z,18,Hospital_1,138250
2026-02-28T23:35:27Z,18,Hospital_5,121150
2026-02-28T23:35:27Z,18,Hospital_2,121138
2026-02-28T23:35:27Z,18,Hospital_4,121150
2026-02-28T23:35:59Z,19,Hospital_2,121150
2026-02-28T23:35:59Z,19,Hospital_4,121150
2026-02-28T23:35:59Z,19,Hospital_5,138238
2026-02-28T23:35:59Z,19,Hospital_1,121150
2026-02-28T23:36:31Z,20,Hospital_1,121150
2026-02-28T23:36:31Z,20,Hospital_4,121150
2026-02-28T23:36:31Z,20,Hospital_5,138238
2026-02-28T23:36:31Z,20,Hospital_2,121150
2026-02-28T23:37:03Z,21,Hospital_5,138250
2026-02-28T23:37:03Z,21,Hospital_1,121150
2026-02-28T23:37:03Z,21,Hospital_2,121138
2026-02-28T23:37:03Z,21,Hospital_4,121150
2026-02-28T23:38:06Z,22,Hospital_2,121150
2026-02-28T23:38:06Z,22,Hospital_1,121150
2026-02-28T23:38:06Z,22,Hospital_4,121150
2026-02-28T23:38:06Z,22,Hospital_5,138250
2026-02-28T23:38:39Z,23,Hospital_5,138250
2026-02-28T23:38:39Z,23,Hospital_1,121150
2026-02-28T23:38:39Z,23,Hospital_2,121150
2026-02-28T23:38:39Z,23,Hospital_4,121150
2026-02-28T23:39:12Z,24,Hospital_1,138250
2026-02-28T23:39:12Z,24,Hospital_5,121150
2026-02-28T23:39:12Z,24,Hospital_4,121150
2026-02-28T23:39:12Z,24,Hospital_2,121150
2026-02-28T23:39:44Z,25,Hospital_2,121150
2026-02-28T23:39:44Z,25,Hospital_1,138250
2026-02-28T23:39:44Z,25,Hospital_4,121150
2026-02-28T23:39:44Z,25,Hospital_5,121150
2026-02-28T23:40:16Z,26,Hospital_4,121150
2026-02-28T23:40:16Z,26,Hospital_1,121150
2026-02-28T23:40:16Z,26,Hospital_2,121150
2026-02-28T23:40:16Z,26,Hospital_5,138250
2026-02-28T23:40:48Z,27,Hospital_5,121150
2026-02-28T23:40:48Z,27,Hospital_1,138238
2026-02-28T23:40:48Z,27,Hospital_2,121126
2026-02-28T23:40:48Z,27,Hospital_4,121138
2026-02-28T23:41:20Z,28,Hospital_2,121150
2026-02-28T23:41:20Z,28,Hospital_4,121150
2026-02-28T23:41:20Z,28,Hospital_1,138250
2026-02-28T23:41:20Z,28,Hospital_5,121150
2026-02-28T23:41:52Z,29,Hospital_4,121138
2026-02-28T23:41:52Z,29,Hospital_1,138250
2026-02-28T23:41:52Z,29,Hospital_5,121150
2026-02-28T23:41:52Z,29,Hospital_2,121138
2026-02-28T23:42:24Z,30,Hospital_4,121150
2026-02-28T23:42:24Z,30,Hospital_2,121150
2026-02-28T23:42:24Z,30,Hospital_5,121138
2026-02-28T23:42:24Z,30,Hospital_1,138250
2026-02-28T23:42:57Z,1,Hospital_1,138250
2026-02-28T23:42:57Z,1,Hospital_4,121150
2026-02-28T23:43:29Z,2,Hospital_1,138250
2026-02-28T23:43:29Z,2,Hospital_5,121150
2026-02-28T23:43:29Z,2,Hospital_4,121150
2026-02-28T23:43:29Z,2,Hospital_2,121150
2026-02-28T23:44:01Z,3,Hospital_4,121150
2026-02-28T23:44:01Z,3,Hospital_1,121138
2026-02-28T23:44:01Z,3,Hospital_2,121150
2026-02-28T23:44:01Z,3,Hospital_5,138250
2026-02-28T23:44:35Z,4,Hospital_5,138250
2026-02-28T23:44:35Z,4,Hospital_2,121150
2026-02-28T23:44:35Z,4,Hospital_4,121150
2026-02-28T23:44:35Z,4,Hospital_1,121150
2026-02-28T23:45:07Z,5,Hospital_1,121150
2026-02-28T23:45:07Z,5,Hospital_5,138250
2026-02-28T23:45:07Z,5,Hospital_2,121138
2026-02-28T23:45:07Z,5,Hospital_4,121150
2026-02-28T23:45:39Z,6,Hospital_2,121150
2026-02-28T23:45:39Z,6,Hospital_4,121150
2026-02-28T23:45:39Z,6,Hospital_1,138238
2026-02-28T23:45:39Z,6,Hospital_5,121150
2026-02-28T23:46:13Z,7,Hospital_5,138250
2026-02-28T23:46:13Z,7,Hospital_1,121150
2026-02-28T23:46:13Z,7,Hospital_4,121150
2026-02-28T23:46:13Z,7,Hospital_2,121150
2026-02-28T23:46:48Z,8,Hospital_5,138250
2026-02-28T23:46:48Z,8,Hospital_2,121150
2026-02-28T23:46:48Z,8,Hospital_1,121150
2026-02-28T23:46:48Z,8,Hospital_4,121150
2026-02-28T23:47:22Z,9,Hospital_4,121150
2026-02-28T23:47:22Z,9,Hospital_1,138250
2026-02-28T23:47:22Z,9,Hospital_2,121150
2026-02-28T23:47:22Z,9,Hospital_5,121150
2026-02-28T23:47:56Z,10,Hospital_5,138250
2026-02-28T23:47:56Z,10,Hospital_1,121150
2026-02-28T23:47:56Z,10,Hospital_2,121150
2026-02-28T23:47:56Z,10,Hospital_4,121150
2026-02-28T23:48:30Z,11,Hospital_4,121150
2026-02-28T23:48:30Z,11,Hospital_1,138250
2026-02-28T23:48:30Z,11,Hospital_5,121150
2026-02-28T23:48:30Z,11,Hospital_2,121138
2026-02-28T23:49:05Z,12,Hospital_4,121150
2026-02-28T23:49:05Z,12,Hospital_1,121150
2026-02-28T23:49:05Z,12,Hospital_5,138250
2026-02-28T23:49:05Z,12,Hospital_2,121150
2026-02-28T23:49:39Z,13,Hospital_2,121150
2026-02-28T23:49:39Z,13,Hospital_4,121150
2026-02-28T23:49:39Z,13,Hospital_5,121150
2026-02-28T23:49:39Z,13,Hospital_1,138250
2026-02-28T23:50:14Z,14,Hospital_4,121138
2026-02-28T23:50:14Z,14,Hospital_1,138250
2026-02-28T23:50:14Z,14,Hospital_5,121150
2026-02-28T23:50:14Z,14,Hospital_2,121150
2026-02-28T23:50:48Z,15,Hospital_1,138250
2026-02-28T23:50:48Z,15,Hospital_5,121138
2026-02-28T23:50:48Z,15,Hospital_2,121138
2026-02-28T23:50:48Z,15,Hospital_4,121150
2026-02-28T23:51:22Z,16,Hospital_2,121150
2026-02-28T23:51:22Z,16,Hospital_4,121150
2026-02-28T23:51:22Z,16,Hospital_1,138250
2026-02-28T23:51:22Z,16,Hospital_5,121150
2026-02-28T23:51:56Z,17,Hospital_1,121150
2026-02-28T23:51:56Z,17,Hospital_2,121150
2026-02-28T23:51:56Z,17,Hospital_5,138250
2026-02-28T23:51:56Z,17,Hospital_4,121150
2026-02-28T23:52:28Z,18,Hospital_5,121150
2026-02-28T23:52:28Z,18,Hospital_2,121126
2026-02-28T23:52:28Z,18,Hospital_4,121150
2026-02-28T23:52:28Z,18,Hospital_1,138250
2026-02-28T23:53:00Z,19,Hospital_2,121150
2026-02-28T23:53:00Z,19,Hospital_1,121150
2026-02-28T23:53:00Z,19,Hospital_4,121150
2026-02-28T23:53:00Z,19,Hospital_5,138250
2026-02-28T23:53:47Z,20,Hospital_5,138250
2026-02-28T23:53:47Z,20,Hospital_1,121150
2026-02-28T23:53:47Z,20,Hospital_2,121150
2026-02-28T23:53:47Z,20,Hospital_4,121150
2026-02-28T23:54:19Z,21,Hospital_4,121150
2026-02-28T23:54:19Z,21,Hospital_2,121150
2026-02-28T23:54:19Z,21,Hospital_1,121150
2026-02-28T23:54:19Z,21,Hospital_5,138250
2026-02-28T23:54:50Z,22,Hospital_5,138250
2026-02-28T23:54:50Z,22,Hospital_2,121150
2026-02-28T23:54:50Z,22,Hospital_1,121150
2026-02-28T23:54:50Z,22,Hospital_4,121150
2026-02-28T23:55:22Z,23,Hospital_1,138250
2026-02-28T23:55:22Z,23,Hospital_5,121150
2026-02-28T23:55:22Z,23,Hospital_2,121150
2026-02-28T23:55:22Z,23,Hospital_4,121126
2026-02-28T23:55:55Z,24,Hospital_4,121150
2026-02-28T23:55:55Z,24,Hospital_1,121150
2026-02-28T23:55:55Z,24,Hospital_5,138238
2026-02-28T23:55:55Z,24,Hospital_2,121150
2026-02-28T23:56:27Z,25,Hospital_1,121150
2026-02-28T23:56:27Z,25,Hospital_5,138238
2026-02-28T23:56:27Z,25,Hospital_2,121150
2026-02-28T23:56:27Z,25,Hospital_4,121150
2026-02-28T23:56:58Z,26,Hospital_1,138250
2026-02-28T23:56:58Z,26,Hospital_5,121150
2026-02-28T23:56:58Z,26,Hospital_4,121150
2026-02-28T23:56:58Z,26,Hospital_2,121150
2026-02-28T23:57:29Z,27,Hospital_4,121150
2026-02-28T23:57:29Z,27,Hospital_1,121150
2026-02-28T23:57:29Z,27,Hospital_2,121150
2026-02-28T23:57:29Z,27,Hospital_5,138250
2026-02-28T23:58:01Z,28,Hospital_1,138250
2026-02-28T23:58:01Z,28,Hospital_5,121150
2026-02-28T23:58:01Z,28,Hospital_4,121150
2026-02-28T23:58:01Z,28,Hospital_2,121150
2026-02-28T23:58:33Z,29,Hospital_2,121150
2026-02-28T23:58:33Z,29,Hospital_1,138250
2026-02-28T23:58:33Z,29,Hospital_5,121150
2026-02-28T23:58:33Z,29,Hospital_4,121150
2026-02-28T23:59:05Z,30,Hospital_4,121150
2026-02-28T23:59:05Z,30,Hospital_1,138250
2026-02-28T23:59:05Z,30,Hospital_5,121150
2026-02-28T23:59:05Z,30,Hospital_2,121150
2026-02-28T23:59:38Z,1,Hospital_5,121138
2026-02-28T23:59:38Z,1,Hospital_4,138250
2026-03-01T00:00:10Z,2,Hospital_2,121150
2026-03-01T00:00:10Z,2,Hospital_5,121150
2026-03-01T00:00:10Z,2,Hospital_4,121150
2026-03-01T00:00:10Z,2,Hospital_1,138250
2026-03-01T00:00:43Z,3,Hospital_2,121150
2026-03-01T00:00:43Z,3,Hospital_5,121150
2026-03-01T00:00:43Z,3,Hospital_4,121150
2026-03-01T00:00:43Z,3,Hospital_1,138250
2026-03-01T00:01:15Z,4,Hospital_1,121138
2026-03-01T00:01:15Z,4,Hospital_4,121150
2026-03-01T00:01:15Z,4,Hospital_5,138250
2026-03-01T00:01:15Z,4,Hospital_2,121150
2026-03-01T00:01:48Z,5,Hospital_5,138250
2026-03-01T00:01:48Z,5,Hospital_2,121150
2026-03-01T00:01:48Z,5,Hospital_4,121150
2026-03-01T00:01:48Z,5,Hospital_1,121150
2026-03-01T00:02:20Z,6,Hospital_1,138250
2026-03-01T00:02:20Z,6,Hospital_5,121138
2026-03-01T00:02:20Z,6,Hospital_2,121138
2026-03-01T00:02:20Z,6,Hospital_4,121138
2026-03-01T00:02:52Z,7,Hospital_2,121150
2026-03-01T00:02:52Z,7,Hospital_4,121150
2026-03-01T00:02:52Z,7,Hospital_1,138250
2026-03-01T00:02:52Z,7,Hospital_5,121138
2026-03-01T00:03:24Z,8,Hospital_1,121150
2026-03-01T00:03:24Z,8,Hospital_5,138250
2026-03-01T00:03:24Z,8,Hospital_2,121150
2026-03-01T00:03:24Z,8,Hospital_4,121150
2026-03-01T00:03:56Z,9,Hospital_5,121150
2026-03-01T00:03:56Z,9,Hospital_2,121138
2026-03-01T00:03:56Z,9,Hospital_1,138250
2026-03-01T00:03:56Z,9,Hospital_4,121150
2026-03-01T00:04:28Z,10,Hospital_5,138250
2026-03-01T00:04:28Z,10,Hospital_2,121138
2026-03-01T00:04:28Z,10,Hospital_4,121150
2026-03-01T00:04:28Z,10,Hospital_1,121150
2026-03-01T00:05:01Z,11,Hospital_5,138250
2026-03-01T00:05:01Z,11,Hospital_4,121150
2026-03-01T00:05:01Z,11,Hospital_1,121138
2026-03-01T00:05:01Z,11,Hospital_2,121150
2026-03-01T00:05:33Z,12,Hospital_5,138250
2026-03-01T00:05:33Z,12,Hospital_4,121138
2026-03-01T00:05:33Z,12,Hospital_1,121138
2026-03-01T00:05:33Z,12,Hospital_2,121150
2026-03-01T00:06:07Z,13,Hospital_5,138250
2026-03-01T00:06:07Z,13,Hospital_2,121150
2026-03-01T00:06:07Z,13,Hospital_1,121150
2026-03-01T00:06:07Z,13,Hospital_4,121150
2026-03-01T00:06:39Z,14,Hospital_4,121150
2026-03-01T00:06:39Z,14,Hospital_5,121150
2026-03-01T00:06:39Z,14,Hospital_1,138250
2026-03-01T00:06:39Z,14,Hospital_2,121150
2026-03-01T00:07:10Z,15,Hospital_4,121150
2026-03-01T00:07:10Z,15,Hospital_1,121150
2026-03-01T00:07:10Z,15,Hospital_5,138250
2026-03-01T00:07:10Z,15,Hospital_2,121150
2026-03-01T00:07:42Z,16,Hospital_1,121150
2026-03-01T00:07:42Z,16,Hospital_4,121150
2026-03-01T00:07:42Z,16,Hospital_2,121150
2026-03-01T00:07:42Z,16,Hospital_5,138250
2026-03-01T00:08:14Z,17,Hospital_4,121138
2026-03-01T00:08:14Z,17,Hospital_2,121150
2026-03-01T00:08:14Z,17,Hospital_1,138250
2026-03-01T00:08:14Z,17,Hospital_5,121150
2026-03-01T00:08:46Z,18,Hospital_1,121138
2026-03-01T00:08:46Z,18,Hospital_4,121150
2026-03-01T00:08:46Z,18,Hospital_2,121150
2026-03-01T00:08:46Z,18,Hospital_5,138250
2026-03-01T00:09:19Z,19,Hospital_1,121138
2026-03-01T00:09:19Z,19,Hospital_2,121150
2026-03-01T00:09:19Z,19,Hospital_5,138238
2026-03-01T00:09:19Z,19,Hospital_4,121150
2026-03-01T00:09:50Z,20,Hospital_1,121150
2026-03-01T00:09:50Z,20,Hospital_4,121150
2026-03-01T00:09:50Z,20,Hospital_2,121150
2026-03-01T00:09:50Z,20,Hospital_5,138250
2026-03-01T00:10:22Z,21,Hospital_2,121150
2026-03-01T00:10:22Z,21,Hospital_1,121150
2026-03-01T00:10:22Z,21,Hospital_5,138250
2026-03-01T00:10:22Z,21,Hospital_4,121150
2026-03-01T00:10:54Z,22,Hospital_4,121150
2026-03-01T00:10:54Z,22,Hospital_1,121150
2026-03-01T00:10:54Z,22,Hospital_2,121150
2026-03-01T00:10:54Z,22,Hospital_5,138250
2026-03-01T00:11:26Z,23,Hospital_5,138250
2026-03-01T00:11:26Z,23,Hospital_4,121150
2026-03-01T00:11:26Z,23,Hospital_1,121150
2026-03-01T00:11:26Z,23,Hospital_2,121150
2026-03-01T00:11:59Z,24,Hospital_2,121150
2026-03-01T00:11:59Z,24,Hospital_4,121150
2026-03-01T00:11:59Z,24,Hospital_5,138250
2026-03-01T00:11:59Z,24,Hospital_1,121150
2026-03-01T00:12:31Z,25,Hospital_5,138250
2026-03-01T00:12:31Z,25,Hospital_4,121150
2026-03-01T00:12:31Z,25,Hospital_2,121150
2026-03-01T00:12:31Z,25,Hospital_1,121150
2026-03-01T00:13:04Z,26,Hospital_2,121138
2026-03-01T00:13:04Z,26,Hospital_1,138250
2026-03-01T00:13:04Z,26,Hospital_5,121150
2026-03-01T00:13:04Z,26,Hospital_4,121150
2026-03-01T00:13:36Z,27,Hospital_5,121150
2026-03-01T00:13:36Z,27,Hospital_1,138250
2026-03-01T00:13:36Z,27,Hospital_4,121150
2026-03-01T00:13:36Z,27,Hospital_2,121150
2026-03-01T00:14:09Z,28,Hospital_2,121150
2026-03-01T00:14:09Z,28,Hospital_1,121150
2026-03-01T00:14:09Z,28,Hospital_4,121150
2026-03-01T00:14:09Z,28,Hospital_5,138250
2026-03-01T00:14:41Z,29,Hospital_4,121150
2026-03-01T00:14:41Z,29,Hospital_1,138250
2026-03-01T00:14:41Z,29,Hospital_5,121150
2026-03-01T00:14:41Z,29,Hospital_2,121150
2026-03-01T00:15:12Z,30,Hospital_5,138238
2026-03-01T00:15:12Z,30,Hospital_4,121150
2026-03-01T00:15:12Z,30,Hospital_2,121150
2026-03-01T00:15:12Z,30,Hospital_1,121150
2026-03-01T00:15:45Z,1,Hospital_2,121150
2026-03-01T00:15:45Z,1,Hospital_4,138250
2026-03-01T00:16:17Z,2,Hospital_4,121150
2026-03-01T00:16:17Z,2,Hospital_5,121150
2026-03-01T00:16:17Z,2,Hospital_1,138238
2026-03-01T00:16:17Z,2,Hospital_2,121150
2026-03-01T00:16:50Z,3,Hospital_1,121150
2026-03-01T00:16:50Z,3,Hospital_4,121138
2026-03-01T00:16:50Z,3,Hospital_5,138250
2026-03-01T00:16:50Z,3,Hospital_2,121150
2026-03-01T00:17:23Z,4,Hospital_4,121150
2026-03-01T00:17:23Z,4,Hospital_1,121138
2026-03-01T00:17:23Z,4,Hospital_2,121138
2026-03-01T00:17:23Z,4,Hospital_5,138250
2026-03-01T00:17:55Z,5,Hospital_5,138250
2026-03-01T00:17:55Z,5,Hospital_4,121138
2026-03-01T00:17:55Z,5,Hospital_2,121150
2026-03-01T00:17:55Z,5,Hospital_1,121150
2026-03-01T00:18:28Z,6,Hospital_5,138250
2026-03-01T00:18:28Z,6,Hospital_1,121150
2026-03-01T00:18:28Z,6,Hospital_4,121150
2026-03-01T00:18:28Z,6,Hospital_2,121150
2026-03-01T00:18:59Z,7,Hospital_1,138250
2026-03-01T00:18:59Z,7,Hospital_5,121150
2026-03-01T00:18:59Z,7,Hospital_2,121150
2026-03-01T00:18:59Z,7,Hospital_4,121150
2026-03-01T00:19:31Z,8,Hospital_1,121138
2026-03-01T00:19:31Z,8,Hospital_4,121150
2026-03-01T00:19:31Z,8,Hospital_5,138250
2026-03-01T00:19:31Z,8,Hospital_2,121150
2026-03-01T00:20:03Z,9,Hospital_1,138250
2026-03-01T00:20:03Z,9,Hospital_5,121150
2026-03-01T00:20:03Z,9,Hospital_4,121150
2026-03-01T00:20:03Z,9,Hospital_2,121150
2026-03-01T00:20:35Z,10,Hospital_2,121150
2026-03-01T00:20:35Z,10,Hospital_4,121150
2026-03-01T00:20:35Z,10,Hospital_5,121150
2026-03-01T00:20:35Z,10,Hospital_1,138250
2026-03-01T00:21:07Z,11,Hospital_2,121150
2026-03-01T00:21:07Z,11,Hospital_4,121150
2026-03-01T00:21:07Z,11,Hospital_5,121150
2026-03-01T00:21:07Z,11,Hospital_1,138250
2026-03-01T00:21:39Z,12,Hospital_1,138238
2026-03-01T00:21:39Z,12,Hospital_4,121150
2026-03-01T00:21:39Z,12,Hospital_2,121150
2026-03-01T00:21:39Z,12,Hospital_5,121150
2026-03-01T00:22:11Z,13,Hospital_2,121150
2026-03-01T00:22:11Z,13,Hospital_1,138250
2026-03-01T00:22:11Z,13,Hospital_4,121150
2026-03-01T00:22:11Z,13,Hospital_5,121150
2026-03-01T00:22:43Z,14,Hospital_5,121150
2026-03-01T00:22:43Z,14,Hospital_4,121150
2026-03-01T00:22:43Z,14,Hospital_2,121150
2026-03-01T00:22:43Z,14,Hospital_1,138250
2026-03-01T00:23:15Z,15,Hospital_2,121150
2026-03-01T00:23:15Z,15,Hospital_1,138238
2026-03-01T00:23:15Z,15,Hospital_4,121150
2026-03-01T00:23:15Z,15,Hospital_5,121150
2026-03-01T00:23:48Z,16,Hospital_4,121150
2026-03-01T00:23:48Z,16,Hospital_2,121150
2026-03-01T00:23:48Z,16,Hospital_1,138250
2026-03-01T00:23:48Z,16,Hospital_5,121150
2026-03-01T00:24:20Z,17,Hospital_1,138250
2026-03-01T00:24:20Z,17,Hospital_4,121150
2026-03-01T00:24:20Z,17,Hospital_5,121150
2026-03-01T00:24:20Z,17,Hospital_2,121150
2026-03-01T00:24:52Z,18,Hospital_2,121138
2026-03-01T00:24:52Z,18,Hospital_4,121138
2026-03-01T00:24:52Z,18,Hospital_1,138238
2026-03-01T00:24:52Z,18,Hospital_5,121150
2026-03-01T00:25:24Z,19,Hospital_4,121150
2026-03-01T00:25:24Z,19,Hospital_5,138250
2026-03-01T00:25:24Z,19,Hospital_1,121150
2026-03-01T00:25:24Z,19,Hospital_2,121150
2026-03-01T00:25:55Z,20,Hospital_1,121150
2026-03-01T00:25:55Z,20,Hospital_5,138250
2026-03-01T00:25:55Z,20,Hospital_4,121150
2026-03-01T00:25:55Z,20,Hospital_2,121150
2026-03-01T00:26:27Z,21,Hospital_1,138250
2026-03-01T00:26:27Z,21,Hospital_4,121150
2026-03-01T00:26:27Z,21,Hospital_5,121138
2026-03-01T00:26:27Z,21,Hospital_2,121150
2026-03-01T00:26:59Z,22,Hospital_5,121138
2026-03-01T00:26:59Z,22,Hospital_2,121150
2026-03-01T00:26:59Z,22,Hospital_1,138250
2026-03-01T00:26:59Z,22,Hospital_4,121150
2026-03-01T00:27:31Z,23,Hospital_5,121150
2026-03-01T00:27:31Z,23,Hospital_1,138250
2026-03-01T00:27:31Z,23,Hospital_2,121150
2026-03-01T00:27:31Z,23,Hospital_4,121150
2026-03-01T00:28:03Z,24,Hospital_1,121150
2026-03-01T00:28:03Z,24,Hospital_2,121150
2026-03-01T00:28:03Z,24,Hospital_4,121150
2026-03-01T00:28:03Z,24,Hospital_5,138250
2026-03-01T00:28:35Z,25,Hospital_4,121150
2026-03-01T00:28:35Z,25,Hospital_2,121150
2026-03-01T00:28:35Z,25,Hospital_1,121150
2026-03-01T00:28:35Z,25,Hospital_5,138250
2026-03-01T00:29:08Z,26,Hospital_2,121150
2026-03-01T00:29:08Z,26,Hospital_4,121150
2026-03-01T00:29:08Z,26,Hospital_1,138250
2026-03-01T00:29:08Z,26,Hospital_5,121150
2026-03-01T00:29:40Z,27,Hospital_4,121138
2026-03-01T00:29:40Z,27,Hospital_2,121150
2026-03-01T00:29:40Z,27,Hospital_1,138250
2026-03-01T00:29:40Z,27,Hospital_5,121150
2026-03-01T00:30:12Z,28,Hospital_4,121138
2026-03-01T00:30:12Z,28,Hospital_2,121150
2026-03-01T00:30:12Z,28,Hospital_5,121150
2026-03-01T00:30:12Z,28,Hospital_1,138250
2026-03-01T00:30:45Z,29,Hospital_5,121150
2026-03-01T00:30:45Z,29,Hospital_1,138250
2026-03-01T00:30:45Z,29,Hospital_2,121150
2026-03-01T00:30:45Z,29,Hospital_4,121150
2026-03-01T00:31:17Z,30,Hospital_2,121150
2026-03-01T00:31:17Z,30,Hospital_5,121150
2026-03-01T00:31:17Z,30,Hospital_4,121150
2026-03-01T00:31:17Z,30,Hospital_1,138238
2026-03-01T00:31:53Z,1,Hospital_4,138250
2026-03-01T00:31:53Z,1,Hospital_3,121150
2026-03-01T00:32:16Z,2,Hospital_4,121150
2026-03-01T00:32:16Z,2,Hospital_3,121150
2026-03-01T00:32:16Z,2,Hospital_2,138238
2026-03-01T00:32:16Z,2,Hospital_1,121150
2026-03-01T00:32:39Z,3,Hospital_1,121150
2026-03-01T00:32:39Z,3,Hospital_4,121150
2026-03-01T00:32:39Z,3,Hospital_3,121150
2026-03-01T00:32:39Z,3,Hospital_2,138250
2026-03-01T00:33:01Z,4,Hospital_2,138250
2026-03-01T00:33:01Z,4,Hospital_4,121150
2026-03-01T00:33:01Z,4,Hospital_3,121150
2026-03-01T00:33:01Z,4,Hospital_1,121150
2026-03-01T00:33:24Z,5,Hospital_2,138250
2026-03-01T00:33:24Z,5,Hospital_4,121138
2026-03-01T00:33:24Z,5,Hospital_3,121150
2026-03-01T00:33:24Z,5,Hospital_1,121150
2026-03-01T00:33:47Z,6,Hospital_2,138250
2026-03-01T00:33:47Z,6,Hospital_1,121150
2026-03-01T00:33:47Z,6,Hospital_4,121150
2026-03-01T00:33:47Z,6,Hospital_3,121150
2026-03-01T00:34:11Z,7,Hospital_4,121150
2026-03-01T00:34:11Z,7,Hospital_3,121150
2026-03-01T00:34:11Z,7,Hospital_2,138250
2026-03-01T00:34:11Z,7,Hospital_1,121150
2026-03-01T00:34:34Z,8,Hospital_2,138250
2026-03-01T00:34:34Z,8,Hospital_4,121150
2026-03-01T00:34:34Z,8,Hospital_1,121150
2026-03-01T00:34:34Z,8,Hospital_3,121150
2026-03-01T00:34:57Z,9,Hospital_2,138250
2026-03-01T00:34:57Z,9,Hospital_3,121150
2026-03-01T00:34:57Z,9,Hospital_4,121150
2026-03-01T00:34:57Z,9,Hospital_1,121150
2026-03-01T00:35:21Z,10,Hospital_2,138250
2026-03-01T00:35:21Z,10,Hospital_3,121150
2026-03-01T00:35:21Z,10,Hospital_4,121150
2026-03-01T00:35:21Z,10,Hospital_1,121150
2026-03-01T00:35:44Z,11,Hospital_1,121150
2026-03-01T00:35:44Z,11,Hospital_2,138250
2026-03-01T00:35:44Z,11,Hospital_3,121150
2026-03-01T00:35:44Z,11,Hospital_4,121138
2026-03-01T00:36:07Z,12,Hospital_3,121150
2026-03-01T00:36:07Z,12,Hospital_1,121150
2026-03-01T00:36:07Z,12,Hospital_2,138250
2026-03-01T00:36:07Z,12,Hospital_4,121150
2026-03-01T00:36:30Z,13,Hospital_3,121150
2026-03-01T00:36:30Z,13,Hospital_2,138250
2026-03-01T00:36:30Z,13,Hospital_1,121150
2026-03-01T00:36:30Z,13,Hospital_4,121150
2026-03-01T00:36:53Z,14,Hospital_3,121150
2026-03-01T00:36:53Z,14,Hospital_4,121150
2026-03-01T00:36:53Z,14,Hospital_2,138250
2026-03-01T00:36:53Z,14,Hospital_1,121150
2026-03-01T00:37:16Z,15,Hospital_4,121150
2026-03-01T00:37:16Z,15,Hospital_3,121150
2026-03-01T00:37:16Z,15,Hospital_2,138250
2026-03-01T00:37:16Z,15,Hospital_1,121150
2026-03-01T00:37:39Z,16,Hospital_3,121150
2026-03-01T00:37:39Z,16,Hospital_2,138250
2026-03-01T00:37:39Z,16,Hospital_1,121150
2026-03-01T00:37:39Z,16,Hospital_4,121150
2026-03-01T00:38:02Z,17,Hospital_2,138250
2026-03-01T00:38:02Z,17,Hospital_4,121150
2026-03-01T00:38:02Z,17,Hospital_1,121150
2026-03-01T00:38:02Z,17,Hospital_3,121150
2026-03-01T00:38:26Z,18,Hospital_3,121150
2026-03-01T00:38:26Z,18,Hospital_4,121138
2026-03-01T00:38:26Z,18,Hospital_1,121150
2026-03-01T00:38:26Z,18,Hospital_2,138250
2026-03-01T00:38:49Z,19,Hospital_4,121138
2026-03-01T00:38:49Z,19,Hospital_3,121150
2026-03-01T00:38:49Z,19,Hospital_1,121150
2026-03-01T00:38:49Z,19,Hospital_2,138250
2026-03-01T00:39:12Z,20,Hospital_3,121138
2026-03-01T00:39:12Z,20,Hospital_2,138250
2026-03-01T00:39:12Z,20,Hospital_1,121150
2026-03-01T00:39:12Z,20,Hospital_4,121150
2026-03-01T00:39:35Z,21,Hospital_4,121150
2026-03-01T00:39:35Z,21,Hospital_3,121138
2026-03-01T00:39:35Z,21,Hospital_2,138250
2026-03-01T00:39:35Z,21,Hospital_1,121150
2026-03-01T00:39:58Z,22,Hospital_2,138250
2026-03-01T00:39:58Z,22,Hospital_4,121138
2026-03-01T00:39:58Z,22,Hospital_3,121150
2026-03-01T00:39:58Z,22,Hospital_1,121150
2026-03-01T00:40:21Z,23,Hospital_1,121150
2026-03-01T00:40:21Z,23,Hospital_3,121150
2026-03-01T00:40:21Z,23,Hospital_2,138250
2026-03-01T00:40:21Z,23,Hospital_4,121138
2026-03-01T00:40:44Z,24,Hospital_4,121150
2026-03-01T00:40:44Z,24,Hospital_3,121150
2026-03-01T00:40:44Z,24,Hospital_2,138250
2026-03-01T00:40:44Z,24,Hospital_1,121150
2026-03-01T00:41:08Z,25,Hospital_4,121150
2026-03-01T00:41:08Z,25,Hospital_1,121150
2026-03-01T00:41:08Z,25,Hospital_2,138250
2026-03-01T00:41:08Z,25,Hospital_3,121150
2026-03-01T00:41:31Z,26,Hospital_2,138250
2026-03-01T00:41:31Z,26,Hospital_4,121150
2026-03-01T00:41:31Z,26,Hospital_1,121150
2026-03-01T00:41:31Z,26,Hospital_3,121150
2026-03-01T00:41:54Z,27,Hospital_1,121138
2026-03-01T00:41:54Z,27,Hospital_2,138250
2026-03-01T00:41:54Z,27,Hospital_4,121150
2026-03-01T00:41:54Z,27,Hospital_3,121138
2026-03-01T00:42:17Z,28,Hospital_4,121150
2026-03-01T00:42:17Z,28,Hospital_1,121150
2026-03-01T00:42:17Z,28,Hospital_2,138250
2026-03-01T00:42:17Z,28,Hospital_3,121150
2026-03-01T00:42:40Z,29,Hospital_2,138250
2026-03-01T00:42:40Z,29,Hospital_4,121138
2026-03-01T00:42:40Z,29,Hospital_1,121150
2026-03-01T00:42:40Z,29,Hospital_3,121150
2026-03-01T00:43:03Z,30,Hospital_1,121150
2026-03-01T00:43:03Z,30,Hospital_4,121150
2026-03-01T00:43:03Z,30,Hospital_2,138250
2026-03-01T00:43:03Z,30,Hospital_3,121138
2026-03-01T00:43:36Z,1,Hospital_2,121150
2026-03-01T00:43:36Z,1,Hospital_3,138250
2026-03-01T00:44:09Z,2,Hospital_2,138238
2026-03-01T00:44:09Z,2,Hospital_4,121150
2026-03-01T00:44:09Z,2,Hospital_3,121150
2026-03-01T00:44:09Z,2,Hospital_1,121150
2026-03-01T00:44:41Z,3,Hospital_4,121150
2026-03-01T00:44:41Z,3,Hospital_1,121150
2026-03-01T00:44:41Z,3,Hospital_3,138250
2026-03-01T00:44:41Z,3,Hospital_2,121150
2026-03-01T00:45:13Z,4,Hospital_1,121150
2026-03-01T00:45:13Z,4,Hospital_3,121150
2026-03-01T00:45:13Z,4,Hospital_4,121150
2026-03-01T00:45:13Z,4,Hospital_2,138250
2026-03-01T00:45:46Z,5,Hospital_4,121150
2026-03-01T00:45:46Z,5,Hospital_1,121150
2026-03-01T00:45:46Z,5,Hospital_2,121138
2026-03-01T00:45:46Z,5,Hospital_3,138250
2026-03-01T00:46:20Z,6,Hospital_3,121150
2026-03-01T00:46:20Z,6,Hospital_2,138250
2026-03-01T00:46:20Z,6,Hospital_4,121150
2026-03-01T00:46:20Z,6,Hospital_1,121138
2026-03-01T00:46:55Z,7,Hospital_2,138250
2026-03-01T00:46:55Z,7,Hospital_4,121150
2026-03-01T00:46:55Z,7,Hospital_3,121150
2026-03-01T00:46:55Z,7,Hospital_1,121150
2026-03-01T00:47:30Z,8,Hospital_4,121150
2026-03-01T00:47:30Z,8,Hospital_3,121150
2026-03-01T00:47:30Z,8,Hospital_2,138250
2026-03-01T00:47:30Z,8,Hospital_1,121150
2026-03-01T00:48:05Z,9,Hospital_2,138250
2026-03-01T00:48:05Z,9,Hospital_3,121150
2026-03-01T00:48:05Z,9,Hospital_4,121150
2026-03-01T00:48:05Z,9,Hospital_1,121150
2026-03-01T00:48:40Z,10,Hospital_4,121150
2026-03-01T00:48:40Z,10,Hospital_3,121150
2026-03-01T00:48:40Z,10,Hospital_2,138250
2026-03-01T00:48:40Z,10,Hospital_1,121150
2026-03-01T00:49:14Z,11,Hospital_3,138250
2026-03-01T00:49:14Z,11,Hospital_4,121150
2026-03-01T00:49:14Z,11,Hospital_2,121150
2026-03-01T00:49:14Z,11,Hospital_1,121150
2026-03-01T00:49:48Z,12,Hospital_2,138250
2026-03-01T00:49:48Z,12,Hospital_1,121150
2026-03-01T00:49:48Z,12,Hospital_4,121150
2026-03-01T00:49:48Z,12,Hospital_3,121150
2026-03-01T00:50:22Z,13,Hospital_4,121150
2026-03-01T00:50:22Z,13,Hospital_1,121150
2026-03-01T00:50:22Z,13,Hospital_2,121150
2026-03-01T00:50:22Z,13,Hospital_3,138250
2026-03-01T00:50:57Z,14,Hospital_4,121150
2026-03-01T00:50:57Z,14,Hospital_1,121150
2026-03-01T00:50:57Z,14,Hospital_2,138238
2026-03-01T00:50:57Z,14,Hospital_3,121150
2026-03-01T00:51:31Z,15,Hospital_3,138250
2026-03-01T00:51:31Z,15,Hospital_4,121150
2026-03-01T00:51:31Z,15,Hospital_1,121150
2026-03-01T00:51:31Z,15,Hospital_2,121150
2026-03-01T00:52:04Z,16,Hospital_3,138250
2026-03-01T00:52:04Z,16,Hospital_1,121150
2026-03-01T00:52:04Z,16,Hospital_2,121150
2026-03-01T00:52:04Z,16,Hospital_4,121150
2026-03-01T00:52:36Z,17,Hospital_4,121150
2026-03-01T00:52:36Z,17,Hospital_3,138250
2026-03-01T00:52:36Z,17,Hospital_1,121150
2026-03-01T00:52:36Z,17,Hospital_2,121150
2026-03-01T00:53:08Z,18,Hospital_4,121150
2026-03-01T00:53:08Z,18,Hospital_3,138250
2026-03-01T00:53:08Z,18,Hospital_1,121150
2026-03-01T00:53:08Z,18,Hospital_2,121150
2026-03-01T00:53:40Z,19,Hospital_1,121138
2026-03-01T00:53:40Z,19,Hospital_3,121150
2026-03-01T00:53:40Z,19,Hospital_2,138250
2026-03-01T00:53:40Z,19,Hospital_4,121150
2026-03-01T00:54:13Z,20,Hospital_4,121150
2026-03-01T00:54:13Z,20,Hospital_1,121150
2026-03-01T00:54:13Z,20,Hospital_2,138250
2026-03-01T00:54:13Z,20,Hospital_3,121150
2026-03-01T00:54:45Z,21,Hospital_1,121150
2026-03-01T00:54:45Z,21,Hospital_2,138238
2026-03-01T00:54:45Z,21,Hospital_4,121150
2026-03-01T00:54:45Z,21,Hospital_3,121150
2026-03-01T00:55:17Z,22,Hospital_2,138250
2026-03-01T00:55:17Z,22,Hospital_1,121150
2026-03-01T00:55:17Z,22,Hospital_4,121150
2026-03-01T00:55:17Z,22,Hospital_3,121150
2026-03-01T00:55:49Z,23,Hospital_2,138238
2026-03-01T00:55:49Z,23,Hospital_1,121150
2026-03-01T00:55:49Z,23,Hospital_3,121150
2026-03-01T00:55:49Z,23,Hospital_4,121150
2026-03-01T00:56:21Z,24,Hospital_3,138250
2026-03-01T00:56:21Z,24,Hospital_4,121150
2026-03-01T00:56:21Z,24,Hospital_1,121150
2026-03-01T00:56:21Z,24,Hospital_2,121150
2026-03-01T00:56:53Z,25,Hospital_4,121150
2026-03-01T00:56:53Z,25,Hospital_2,121150
2026-03-01T00:56:53Z,25,Hospital_1,121150
2026-03-01T00:56:53Z,25,Hospital_3,138250
2026-03-01T00:57:25Z,26,Hospital_2,138250
2026-03-01T00:57:25Z,26,Hospital_1,121150
2026-03-01T00:57:25Z,26,Hospital_4,121138
2026-03-01T00:57:25Z,26,Hospital_3,121150
2026-03-01T00:57:57Z,27,Hospital_2,138250
2026-03-01T00:57:57Z,27,Hospital_1,121150
2026-03-01T00:57:57Z,27,Hospital_3,121150
2026-03-01T00:57:57Z,27,Hospital_4,121150
2026-03-01T00:58:29Z,28,Hospital_1,121150
2026-03-01T00:58:29Z,28,Hospital_4,121150
2026-03-01T00:58:29Z,28,Hospital_2,121150
2026-03-01T00:58:29Z,28,Hospital_3,138250
2026-03-01T00:59:01Z,29,Hospital_3,121150
2026-03-01T00:59:01Z,29,Hospital_4,121150
2026-03-01T00:59:01Z,29,Hospital_2,138250
2026-03-01T00:59:01Z,29,Hospital_1,121138
2026-03-01T00:59:35Z,30,Hospital_3,121150
2026-03-01T00:59:35Z,30,Hospital_4,121150
2026-03-01T00:59:35Z,30,Hospital_1,121150
2026-03-01T00:59:35Z,30,Hospital_2,138250
2026-03-01T01:00:07Z,1,Hospital_3,121138
2026-03-01T01:00:07Z,1,Hospital_2,138238
2026-03-01T01:00:40Z,2,Hospital_4,121150
2026-03-01T01:00:40Z,2,Hospital_2,138238
2026-03-01T01:00:40Z,2,Hospital_3,121138
2026-03-01T01:00:40Z,2,Hospital_1,121150
2026-03-01T01:01:14Z,3,Hospital_3,121150
2026-03-01T01:01:14Z,3,Hospital_1,121150
2026-03-01T01:01:14Z,3,Hospital_2,138250
2026-03-01T01:01:14Z,3,Hospital_4,121150
2026-03-01T01:01:46Z,4,Hospital_4,121150
2026-03-01T01:01:46Z,4,Hospital_3,121150
2026-03-01T01:01:46Z,4,Hospital_2,138250
2026-03-01T01:01:46Z,4,Hospital_1,121150
2026-03-01T01:02:18Z,5,Hospital_4,121138
2026-03-01T01:02:18Z,5,Hospital_2,138250
2026-03-01T01:02:18Z,5,Hospital_3,121150
2026-03-01T01:02:18Z,5,Hospital_1,121150
2026-03-01T01:02:50Z,6,Hospital_1,121150
2026-03-01T01:02:50Z,6,Hospital_3,138250
2026-03-01T01:02:50Z,6,Hospital_4,121150
2026-03-01T01:02:50Z,6,Hospital_2,121150
2026-03-01T01:03:22Z,7,Hospital_4,121150
2026-03-01T01:03:22Z,7,Hospital_3,121150
2026-03-01T01:03:22Z,7,Hospital_1,121150
2026-03-01T01:03:22Z,7,Hospital_2,138250
2026-03-01T01:03:54Z,8,Hospital_1,121150
2026-03-01T01:03:54Z,8,Hospital_2,121150
2026-03-01T01:03:54Z,8,Hospital_4,121150
2026-03-01T01:03:54Z,8,Hospital_3,138250
2026-03-01T01:04:26Z,9,Hospital_1,121150
2026-03-01T01:04:26Z,9,Hospital_4,121150
2026-03-01T01:04:26Z,9,Hospital_3,121150
2026-03-01T01:04:26Z,9,Hospital_2,138250
2026-03-01T01:04:59Z,10,Hospital_4,121150
2026-03-01T01:04:59Z,10,Hospital_3,138238
2026-03-01T01:04:59Z,10,Hospital_2,121150
2026-03-01T01:04:59Z,10,Hospital_1,121150
2026-03-01T01:05:32Z,11,Hospital_3,121150
2026-03-01T01:05:32Z,11,Hospital_1,121150
2026-03-01T01:05:32Z,11,Hospital_2,138250
2026-03-01T01:05:32Z,11,Hospital_4,121150
2026-03-01T01:06:04Z,12,Hospital_4,121150
2026-03-01T01:06:04Z,12,Hospital_3,121150
2026-03-01T01:06:04Z,12,Hospital_1,121138
2026-03-01T01:06:04Z,12,Hospital_2,138250
2026-03-01T01:06:36Z,13,Hospital_1,121150
2026-03-01T01:06:36Z,13,Hospital_4,121150
2026-03-01T01:06:36Z,13,Hospital_3,138250
2026-03-01T01:06:36Z,13,Hospital_2,121150
2026-03-01T01:07:09Z,14,Hospital_2,138250
2026-03-01T01:07:09Z,14,Hospital_1,121150
2026-03-01T01:07:09Z,14,Hospital_4,121150
2026-03-01T01:07:09Z,14,Hospital_3,121138
2026-03-01T01:07:41Z,15,Hospital_3,121138
2026-03-01T01:07:41Z,15,Hospital_1,121150
2026-03-01T01:07:41Z,15,Hospital_2,138250
2026-03-01T01:07:41Z,15,Hospital_4,121150
2026-03-01T01:08:15Z,16,Hospital_1,121150
2026-03-01T01:08:15Z,16,Hospital_4,121150
2026-03-01T01:08:15Z,16,Hospital_3,138250
2026-03-01T01:08:15Z,16,Hospital_2,121150
2026-03-01T01:08:47Z,17,Hospital_3,121150
2026-03-01T01:08:47Z,17,Hospital_4,121150
2026-03-01T01:08:47Z,17,Hospital_1,121150
2026-03-01T01:08:47Z,17,Hospital_2,138250
2026-03-01T01:09:19Z,18,Hospital_2,138250
2026-03-01T01:09:19Z,18,Hospital_1,121150
2026-03-01T01:09:19Z,18,Hospital_4,121150
2026-03-01T01:09:19Z,18,Hospital_3,121150
2026-03-01T01:09:51Z,19,Hospital_1,121150
2026-03-01T01:09:51Z,19,Hospital_3,121138
2026-03-01T01:09:51Z,19,Hospital_4,121150
2026-03-01T01:09:51Z,19,Hospital_2,138250
2026-03-01T01:10:24Z,20,Hospital_4,121150
2026-03-01T01:10:24Z,20,Hospital_2,138250
2026-03-01T01:10:24Z,20,Hospital_1,121150
2026-03-01T01:10:24Z,20,Hospital_3,121150
2026-03-01T01:10:56Z,21,Hospital_1,121150
2026-03-01T01:10:56Z,21,Hospital_4,121150
2026-03-01T01:10:56Z,21,Hospital_3,121150
2026-03-01T01:10:56Z,21,Hospital_2,138250
2026-03-01T01:11:29Z,22,Hospital_4,121150
2026-03-01T01:11:29Z,22,Hospital_1,121150
2026-03-01T01:11:29Z,22,Hospital_3,121150
2026-03-01T01:11:29Z,22,Hospital_2,138250
2026-03-01T01:12:01Z,23,Hospital_1,121150
2026-03-01T01:12:01Z,23,Hospital_3,121150
2026-03-01T01:12:01Z,23,Hospital_2,138250
2026-03-01T01:12:01Z,23,Hospital_4,121150
2026-03-01T01:12:34Z,24,Hospital_2,121150
2026-03-01T01:12:34Z,24,Hospital_4,121150
2026-03-01T01:12:34Z,24,Hospital_3,138250
2026-03-01T01:12:34Z,24,Hospital_1,121138
2026-03-01T01:13:06Z,25,Hospital_2,138250
2026-03-01T01:13:06Z,25,Hospital_4,121150
2026-03-01T01:13:06Z,25,Hospital_3,121150
2026-03-01T01:13:06Z,25,Hospital_1,121150
2026-03-01T01:13:39Z,26,Hospital_2,138250
2026-03-01T01:13:39Z,26,Hospital_4,121150
2026-03-01T01:13:39Z,26,Hospital_3,121138
2026-03-01T01:13:39Z,26,Hospital_1,121150
2026-03-01T01:14:11Z,27,Hospital_1,121150
2026-03-01T01:14:11Z,27,Hospital_2,138250
2026-03-01T01:14:11Z,27,Hospital_3,121138
2026-03-01T01:14:11Z,27,Hospital_4,121150
2026-03-01T01:14:43Z,28,Hospital_4,121150
2026-03-01T01:14:43Z,28,Hospital_1,121150
2026-03-01T01:14:43Z,28,Hospital_3,138250
2026-03-01T01:14:43Z,28,Hospital_2,121150
2026-03-01T01:15:16Z,29,Hospital_1,121150
2026-03-01T01:15:16Z,29,Hospital_4,121150
2026-03-01T01:15:16Z,29,Hospital_2,138250
2026-03-01T01:15:16Z,29,Hospital_3,121150
2026-03-01T01:15:48Z,30,Hospital_2,121138
2026-03-01T01:15:48Z,30,Hospital_1,121150
2026-03-01T01:15:48Z,30,Hospital_3,138250
2026-03-01T01:15:48Z,30,Hospital_4,121150
2026-03-01T01:16:21Z,1,Hospital_4,121150
2026-03-01T01:16:21Z,1,Hospital_3,138238
2026-03-01T01:16:53Z,2,Hospital_2,121150
2026-03-01T01:16:53Z,2,Hospital_1,121150
2026-03-01T01:16:53Z,2,Hospital_4,121150
2026-03-01T01:16:53Z,2,Hospital_3,138250
2026-03-01T01:17:26Z,3,Hospital_4,121150
2026-03-01T01:17:26Z,3,Hospital_1,121150
2026-03-01T01:17:26Z,3,Hospital_2,121150
2026-03-01T01:17:26Z,3,Hospital_3,138250
2026-03-01T01:17:58Z,4,Hospital_2,138250
2026-03-01T01:17:58Z,4,Hospital_1,121150
2026-03-01T01:17:58Z,4,Hospital_3,121150
2026-03-01T01:17:58Z,4,Hospital_4,121150
2026-03-01T01:18:29Z,5,Hospital_3,138250
2026-03-01T01:18:29Z,5,Hospital_1,121150
2026-03-01T01:18:29Z,5,Hospital_4,121150
2026-03-01T01:18:29Z,5,Hospital_2,121150
2026-03-01T01:19:00Z,6,Hospital_1,121138
2026-03-01T01:19:00Z,6,Hospital_3,121150
2026-03-01T01:19:00Z,6,Hospital_4,121150
2026-03-01T01:19:00Z,6,Hospital_2,138250
2026-03-01T01:19:31Z,7,Hospital_3,138250
2026-03-01T01:19:31Z,7,Hospital_1,121150
2026-03-01T01:19:31Z,7,Hospital_4,121150
2026-03-01T01:19:31Z,7,Hospital_2,121138
2026-03-01T01:20:03Z,8,Hospital_4,121150
2026-03-01T01:20:03Z,8,Hospital_3,121150
2026-03-01T01:20:03Z,8,Hospital_1,121150
2026-03-01T01:20:03Z,8,Hospital_2,138250
2026-03-01T01:20:35Z,9,Hospital_4,121150
2026-03-01T01:20:35Z,9,Hospital_1,121150
2026-03-01T01:20:35Z,9,Hospital_2,121150
2026-03-01T01:20:35Z,9,Hospital_3,138238
2026-03-01T01:21:07Z,10,Hospital_4,121150
2026-03-01T01:21:07Z,10,Hospital_2,138250
2026-03-01T01:21:07Z,10,Hospital_1,121150
2026-03-01T01:21:07Z,10,Hospital_3,121150
2026-03-01T01:21:39Z,11,Hospital_4,121150
2026-03-01T01:21:39Z,11,Hospital_3,138250
2026-03-01T01:21:39Z,11,Hospital_2,121150
2026-03-01T01:21:39Z,11,Hospital_1,121150
2026-03-01T01:22:10Z,12,Hospital_2,121150
2026-03-01T01:22:10Z,12,Hospital_3,138250
2026-03-01T01:22:10Z,12,Hospital_1,121150
2026-03-01T01:22:10Z,12,Hospital_4,121150
2026-03-01T01:22:42Z,13,Hospital_3,138250
2026-03-01T01:22:42Z,13,Hospital_2,121150
2026-03-01T01:22:42Z,13,Hospital_4,121150
2026-03-01T01:22:42Z,13,Hospital_1,121150
2026-03-01T01:23:14Z,14,Hospital_2,138250
2026-03-01T01:23:14Z,14,Hospital_3,121150
2026-03-01T01:23:14Z,14,Hospital_4,121150
2026-03-01T01:23:14Z,14,Hospital_1,121150
2026-03-01T01:23:46Z,15,Hospital_1,121150
2026-03-01T01:23:46Z,15,Hospital_4,121150
2026-03-01T01:23:46Z,15,Hospital_3,121138
2026-03-01T01:23:46Z,15,Hospital_2,138250
2026-03-01T01:24:18Z,16,Hospital_1,121150
2026-03-01T01:24:18Z,16,Hospital_2,121150
2026-03-01T01:24:18Z,16,Hospital_4,121150
2026-03-01T01:24:18Z,16,Hospital_3,138250
2026-03-01T01:24:49Z,17,Hospital_4,121138
2026-03-01T01:24:49Z,17,Hospital_1,121150
2026-03-01T01:24:49Z,17,Hospital_3,121150
2026-03-01T01:24:49Z,17,Hospital_2,138250
2026-03-01T01:25:21Z,18,Hospital_2,138250
2026-03-01T01:25:21Z,18,Hospital_4,121150
2026-03-01T01:25:21Z,18,Hospital_3,121138
2026-03-01T01:25:21Z,18,Hospital_1,121138
2026-03-01T01:25:53Z,19,Hospital_4,121150
2026-03-01T01:25:53Z,19,Hospital_2,138250
2026-03-01T01:25:53Z,19,Hospital_3,121150
2026-03-01T01:25:53Z,19,Hospital_1,121138
2026-03-01T01:26:25Z,20,Hospital_1,121138
2026-03-01T01:26:25Z,20,Hospital_3,121150
2026-03-01T01:26:25Z,20,Hospital_4,121150
2026-03-01T01:26:25Z,20,Hospital_2,138238
2026-03-01T01:26:56Z,21,Hospital_3,121150
2026-03-01T01:26:56Z,21,Hospital_4,121138
2026-03-01T01:26:56Z,21,Hospital_2,138250
2026-03-01T01:26:56Z,21,Hospital_1,121150
2026-03-01T01:27:27Z,22,Hospital_2,138250
2026-03-01T01:27:27Z,22,Hospital_3,121150
2026-03-01T01:27:27Z,22,Hospital_4,121150
2026-03-01T01:27:27Z,22,Hospital_1,121138
2026-03-01T01:27:59Z,23,Hospital_1,121150
2026-03-01T01:27:59Z,23,Hospital_3,138250
2026-03-01T01:27:59Z,23,Hospital_2,121138
2026-03-01T01:27:59Z,23,Hospital_4,121150
2026-03-01T01:28:30Z,24,Hospital_4,121150
2026-03-01T01:28:30Z,24,Hospital_2,138250
2026-03-01T01:28:30Z,24,Hospital_3,121150
2026-03-01T01:28:30Z,24,Hospital_1,121150
2026-03-01T01:29:01Z,25,Hospital_1,121150
2026-03-01T01:29:01Z,25,Hospital_3,138250
2026-03-01T01:29:01Z,25,Hospital_4,121150
2026-03-01T01:29:01Z,25,Hospital_2,121150
2026-03-01T01:29:32Z,26,Hospital_4,121150
2026-03-01T01:29:32Z,26,Hospital_3,138238
2026-03-01T01:29:32Z,26,Hospital_1,121150
2026-03-01T01:29:32Z,26,Hospital_2,121150
2026-03-01T01:30:03Z,27,Hospital_2,138250
2026-03-01T01:30:03Z,27,Hospital_3,121150
2026-03-01T01:30:03Z,27,Hospital_4,121150
2026-03-01T01:30:03Z,27,Hospital_1,121150
2026-03-01T01:30:34Z,28,Hospital_4,121150
2026-03-01T01:30:34Z,28,Hospital_3,121150
2026-03-01T01:30:34Z,28,Hospital_2,138250
2026-03-01T01:30:34Z,28,Hospital_1,121150
2026-03-01T01:31:05Z,29,Hospital_1,121126
2026-03-01T01:31:05Z,29,Hospital_2,121150
2026-03-01T01:31:05Z,29,Hospital_3,138250
2026-03-01T01:31:05Z,29,Hospital_4,121150
2026-03-01T01:31:37Z,30,Hospital_2,138250
2026-03-01T01:31:37Z,30,Hospital_4,121150
2026-03-01T01:31:37Z,30,Hospital_1,121138
2026-03-01T01:31:37Z,30,Hospital_3,121138
2026-03-01T01:32:11Z,1,Hospital_3,121150
2026-03-01T01:32:11Z,1,Hospital_2,138250
2026-03-01T01:32:44Z,2,Hospital_4,121150
2026-03-01T01:32:44Z,2,Hospital_1,121150
2026-03-01T01:32:44Z,2,Hospital_2,138238
2026-03-01T01:32:44Z,2,Hospital_3,121150
2026-03-01T01:33:16Z,3,Hospital_2,121150
2026-03-01T01:33:16Z,3,Hospital_4,121150
2026-03-01T01:33:16Z,3,Hospital_1,121150
2026-03-01T01:33:16Z,3,Hospital_3,138250
2026-03-01T01:33:48Z,4,Hospital_4,121138
2026-03-01T01:33:48Z,4,Hospital_3,121138
2026-03-01T01:33:48Z,4,Hospital_1,121150
2026-03-01T01:33:48Z,4,Hospital_2,138250
2026-03-01T01:34:20Z,5,Hospital_4,121150
2026-03-01T01:34:20Z,5,Hospital_3,121150
2026-03-01T01:34:20Z,5,Hospital_2,138250
2026-03-01T01:34:20Z,5,Hospital_1,121150
2026-03-01T01:34:51Z,6,Hospital_3,138250
2026-03-01T01:34:51Z,6,Hospital_4,121150
2026-03-01T01:34:51Z,6,Hospital_2,121150
2026-03-01T01:34:51Z,6,Hospital_1,121150
2026-03-01T01:35:22Z,7,Hospital_1,121150
2026-03-01T01:35:22Z,7,Hospital_4,121150
2026-03-01T01:35:22Z,7,Hospital_3,121138
2026-03-01T01:35:22Z,7,Hospital_2,138250
2026-03-01T01:35:53Z,8,Hospital_2,138250
2026-03-01T01:35:53Z,8,Hospital_4,121150
2026-03-01T01:35:53Z,8,Hospital_1,121150
2026-03-01T01:35:53Z,8,Hospital_3,121150
2026-03-01T01:36:24Z,9,Hospital_1,121150
2026-03-01T01:36:24Z,9,Hospital_2,138250
2026-03-01T01:36:24Z,9,Hospital_4,121138
2026-03-01T01:36:24Z,9,Hospital_3,121150
2026-03-01T01:36:55Z,10,Hospital_3,121150
2026-03-01T01:36:55Z,10,Hospital_2,138250
2026-03-01T01:36:55Z,10,Hospital_4,121150
2026-03-01T01:36:55Z,10,Hospital_1,121150
2026-03-01T01:37:26Z,11,Hospital_3,138250
2026-03-01T01:37:26Z,11,Hospital_1,121150
2026-03-01T01:37:26Z,11,Hospital_2,121150
2026-03-01T01:37:26Z,11,Hospital_4,121150
2026-03-01T01:37:57Z,12,Hospital_4,121150
2026-03-01T01:37:57Z,12,Hospital_3,138238
2026-03-01T01:37:57Z,12,Hospital_2,121150
2026-03-01T01:37:57Z,12,Hospital_1,121150
2026-03-01T01:38:29Z,13,Hospital_3,121150
2026-03-01T01:38:29Z,13,Hospital_1,121150
2026-03-01T01:38:29Z,13,Hospital_4,121150
2026-03-01T01:38:29Z,13,Hospital_2,138238
2026-03-01T01:39:00Z,14,Hospital_2,121150
2026-03-01T01:39:00Z,14,Hospital_3,138250
2026-03-01T01:39:00Z,14,Hospital_1,121150
2026-03-01T01:39:00Z,14,Hospital_4,121150
2026-03-01T01:39:32Z,15,Hospital_4,121150
2026-03-01T01:39:32Z,15,Hospital_3,138250
2026-03-01T01:39:32Z,15,Hospital_2,121150
2026-03-01T01:39:32Z,15,Hospital_1,121150
2026-03-01T01:40:04Z,16,Hospital_3,138250
2026-03-01T01:40:04Z,16,Hospital_4,121150
2026-03-01T01:40:04Z,16,Hospital_1,121150
2026-03-01T01:40:04Z,16,Hospital_2,121150
2026-03-01T01:40:35Z,17,Hospital_2,121126
2026-03-01T01:40:35Z,17,Hospital_3,138250
2026-03-01T01:40:35Z,17,Hospital_1,121150
2026-03-01T01:40:35Z,17,Hospital_4,121150
2026-03-01T01:41:06Z,18,Hospital_3,121150
2026-03-01T01:41:06Z,18,Hospital_2,138250
2026-03-01T01:41:06Z,18,Hospital_4,121150
2026-03-01T01:41:06Z,18,Hospital_1,121150
2026-03-01T01:41:37Z,19,Hospital_3,138250
2026-03-01T01:41:37Z,19,Hospital_4,121150
2026-03-01T01:41:37Z,19,Hospital_1,121150
2026-03-01T01:41:37Z,19,Hospital_2,121150
2026-03-01T01:42:08Z,20,Hospital_2,138238
2026-03-01T01:42:08Z,20,Hospital_3,121150
2026-03-01T01:42:08Z,20,Hospital_4,121150
2026-03-01T01:42:08Z,20,Hospital_1,121150
2026-03-01T01:42:39Z,21,Hospital_1,121150
2026-03-01T01:42:39Z,21,Hospital_2,138250
2026-03-01T01:42:39Z,21,Hospital_3,121150
2026-03-01T01:42:39Z,21,Hospital_4,121150
2026-03-01T01:43:10Z,22,Hospital_3,138250
2026-03-01T01:43:10Z,22,Hospital_4,121150
2026-03-01T01:43:10Z,22,Hospital_2,121150
2026-03-01T01:43:10Z,22,Hospital_1,121150
2026-03-01T01:43:41Z,23,Hospital_4,121150
2026-03-01T01:43:41Z,23,Hospital_1,121150
2026-03-01T01:43:41Z,23,Hospital_2,121150
2026-03-01T01:43:41Z,23,Hospital_3,138250
2026-03-01T01:44:28Z,24,Hospital_4,121150
2026-03-01T01:44:28Z,24,Hospital_3,138250
2026-03-01T01:44:28Z,24,Hospital_2,121150
2026-03-01T01:44:28Z,24,Hospital_1,121150
2026-03-01T01:45:00Z,25,Hospital_2,138250
2026-03-01T01:45:00Z,25,Hospital_1,121138
2026-03-01T01:45:00Z,25,Hospital_4,121150
2026-03-01T01:45:00Z,25,Hospital_3,121150
2026-03-01T01:45:33Z,26,Hospital_1,121150
2026-03-01T01:45:33Z,26,Hospital_2,138238
2026-03-01T01:45:33Z,26,Hospital_3,121150
2026-03-01T01:45:33Z,26,Hospital_4,121150
2026-03-01T01:46:07Z,27,Hospital_1,121150
2026-03-01T01:46:07Z,27,Hospital_4,121150
2026-03-01T01:46:07Z,27,Hospital_2,138250
2026-03-01T01:46:07Z,27,Hospital_3,121150
2026-03-01T01:46:41Z,28,Hospital_2,138238
2026-03-01T01:46:41Z,28,Hospital_1,121150
2026-03-01T01:46:41Z,28,Hospital_3,121150
2026-03-01T01:46:41Z,28,Hospital_4,121150
2026-03-01T01:47:15Z,29,Hospital_4,121150
2026-03-01T01:47:15Z,29,Hospital_3,138238
2026-03-01T01:47:15Z,29,Hospital_1,121150
2026-03-01T01:47:15Z,29,Hospital_2,121150
2026-03-01T01:47:48Z,30,Hospital_1,121150
2026-03-01T01:47:48Z,30,Hospital_3,138250
2026-03-01T01:47:48Z,30,Hospital_2,121150
2026-03-01T01:47:48Z,30,Hospital_4,121150
2026-03-01T01:48:25Z,1,Hospital_2,138250
2026-03-01T01:48:25Z,1,Hospital_4,121150
2026-03-01T01:48:49Z,2,Hospital_3,121150
2026-03-01T01:48:49Z,2,Hospital_5,121150
2026-03-01T01:48:49Z,2,Hospital_2,121150
2026-03-01T01:48:49Z,2,Hospital_4,138250
2026-03-01T01:49:12Z,3,Hospital_2,121138
2026-03-01T01:49:12Z,3,Hospital_5,121138
2026-03-01T01:49:12Z,3,Hospital_4,138250
2026-03-01T01:49:12Z,3,Hospital_3,121150
2026-03-01T01:49:36Z,4,Hospital_5,121150
2026-03-01T01:49:36Z,4,Hospital_4,138250
2026-03-01T01:49:36Z,4,Hospital_3,121150
2026-03-01T01:49:36Z,4,Hospital_2,121150
2026-03-01T01:50:00Z,5,Hospital_5,121150
2026-03-01T01:50:00Z,5,Hospital_4,138250
2026-03-01T01:50:00Z,5,Hospital_3,121150
2026-03-01T01:50:00Z,5,Hospital_2,121150
2026-03-01T01:50:25Z,6,Hospital_4,121150
2026-03-01T01:50:25Z,6,Hospital_2,138250
2026-03-01T01:50:25Z,6,Hospital_5,121150
2026-03-01T01:50:25Z,6,Hospital_3,121150
2026-03-01T01:50:48Z,7,Hospital_4,121150
2026-03-01T01:50:48Z,7,Hospital_5,121150
2026-03-01T01:50:48Z,7,Hospital_3,121150
2026-03-01T01:50:48Z,7,Hospital_2,138238
2026-03-01T01:51:11Z,8,Hospital_2,121150
2026-03-01T01:51:11Z,8,Hospital_5,121150
2026-03-01T01:51:11Z,8,Hospital_3,121138
2026-03-01T01:51:11Z,8,Hospital_4,138238
2026-03-01T01:51:35Z,9,Hospital_2,121150
2026-03-01T01:51:35Z,9,Hospital_3,121150
2026-03-01T01:51:35Z,9,Hospital_5,121150
2026-03-01T01:51:35Z,9,Hospital_4,138250
2026-03-01T01:51:58Z,10,Hospital_2,138250
2026-03-01T01:51:58Z,10,Hospital_4,121126
2026-03-01T01:51:58Z,10,Hospital_3,121150
2026-03-01T01:51:58Z,10,Hospital_5,121150
2026-03-01T01:52:20Z,11,Hospital_2,138250
2026-03-01T01:52:20Z,11,Hospital_4,121150
2026-03-01T01:52:20Z,11,Hospital_5,121138
2026-03-01T01:52:20Z,11,Hospital_3,121150
2026-03-01T01:52:42Z,12,Hospital_4,121150
2026-03-01T01:52:42Z,12,Hospital_3,121150
2026-03-01T01:52:42Z,12,Hospital_2,138250
2026-03-01T01:52:42Z,12,Hospital_5,121150
2026-03-01T01:53:04Z,13,Hospital_3,121150
2026-03-01T01:53:04Z,13,Hospital_4,121150
2026-03-01T01:53:04Z,13,Hospital_5,121150
2026-03-01T01:53:04Z,13,Hospital_2,138250
2026-03-01T01:53:26Z,14,Hospital_5,121150
2026-03-01T01:53:26Z,14,Hospital_4,121150
2026-03-01T01:53:26Z,14,Hospital_2,138250
2026-03-01T01:53:26Z,14,Hospital_3,121150
2026-03-01T01:53:48Z,15,Hospital_3,121150
2026-03-01T01:53:48Z,15,Hospital_4,121126
2026-03-01T01:53:48Z,15,Hospital_5,121150
2026-03-01T01:53:48Z,15,Hospital_2,138250
2026-03-01T01:54:11Z,16,Hospital_4,121150
2026-03-01T01:54:11Z,16,Hospital_3,121138
2026-03-01T01:54:11Z,16,Hospital_2,138250
2026-03-01T01:54:11Z,16,Hospital_5,121150
2026-03-01T01:54:53Z,17,Hospital_3,121150
2026-03-01T01:54:53Z,17,Hospital_4,121150
2026-03-01T01:54:53Z,17,Hospital_5,121150
2026-03-01T01:54:53Z,17,Hospital_2,138250
2026-03-01T01:55:16Z,18,Hospital_4,138250
2026-03-01T01:55:16Z,18,Hospital_5,121150
2026-03-01T01:55:16Z,18,Hospital_2,121150
2026-03-01T01:55:16Z,18,Hospital_3,121138
2026-03-01T01:55:38Z,19,Hospital_5,121150
2026-03-01T01:55:38Z,19,Hospital_3,121150
2026-03-01T01:55:38Z,19,Hospital_2,138250
2026-03-01T01:55:38Z,19,Hospital_4,121150
2026-03-01T01:56:01Z,20,Hospital_5,121150
2026-03-01T01:56:01Z,20,Hospital_3,121150
2026-03-01T01:56:01Z,20,Hospital_4,121150
2026-03-01T01:56:01Z,20,Hospital_2,138238
2026-03-01T01:56:24Z,21,Hospital_4,138250
2026-03-01T01:56:24Z,21,Hospital_2,121150
2026-03-01T01:56:24Z,21,Hospital_3,121150
2026-03-01T01:56:24Z,21,Hospital_5,121150
2026-03-01T01:56:46Z,22,Hospital_5,121150
2026-03-01T01:56:46Z,22,Hospital_2,138238
2026-03-01T01:56:46Z,22,Hospital_3,121150
2026-03-01T01:56:46Z,22,Hospital_4,121150
2026-03-01T01:57:08Z,23,Hospital_4,138250
2026-03-01T01:57:08Z,23,Hospital_5,121138
2026-03-01T01:57:08Z,23,Hospital_2,121150
2026-03-01T01:57:08Z,23,Hospital_3,121150
2026-03-01T01:57:30Z,24,Hospital_4,138250
2026-03-01T01:57:30Z,24,Hospital_5,121150
2026-03-01T01:57:30Z,24,Hospital_2,121150
2026-03-01T01:57:30Z,24,Hospital_3,121150
2026-03-01T01:57:53Z,25,Hospital_4,121150
2026-03-01T01:57:53Z,25,Hospital_5,121150
2026-03-01T01:57:53Z,25,Hospital_3,121150
2026-03-01T01:57:53Z,25,Hospital_2,138250
2026-03-01T01:58:15Z,26,Hospital_4,121150
2026-03-01T01:58:15Z,26,Hospital_5,121138
2026-03-01T01:58:15Z,26,Hospital_3,121150
2026-03-01T01:58:15Z,26,Hospital_2,138250
2026-03-01T01:58:37Z,27,Hospital_5,121150
2026-03-01T01:58:37Z,27,Hospital_2,138250
2026-03-01T01:58:37Z,27,Hospital_3,121150
2026-03-01T01:58:37Z,27,Hospital_4,121150
2026-03-01T01:59:00Z,28,Hospital_4,121138
2026-03-01T01:59:00Z,28,Hospital_2,138250
2026-03-01T01:59:00Z,28,Hospital_5,121150
2026-03-01T01:59:00Z,28,Hospital_3,121150
2026-03-01T01:59:24Z,29,Hospital_4,138250
2026-03-01T01:59:24Z,29,Hospital_2,121150
2026-03-01T01:59:24Z,29,Hospital_5,121150
2026-03-01T01:59:24Z,29,Hospital_3,121150
2026-03-01T01:59:46Z,30,Hospital_5,138250
2026-03-01T01:59:46Z,30,Hospital_2,121150
2026-03-01T01:59:46Z,30,Hospital_3,121150
2026-03-01T01:59:46Z,30,Hospital_4,121126
